titel,aktualitaet,preis,land,versand,link,image
Apple iPhone 4 16GB Schwarz Black Demo Version - Selten - Neu in OVP versiegelt,Brandneu |,"CHF 337,29",aus Deutschland,"+CHF 15,18 Versand",https://www.ebay.ch/itm/235251244577?_skw=Apple+iPhone&itmmeta=01K92JG62V5J7HSAV0R4PFK84X&hash=item36c6111e21:g:0rkAAeSw4X1onKX1&itmprp=enc%3AAQAKAAAA4FkggFvd1GGDu0w3yXCmi1f8Ju6QJNwTlmiJ%2BdlVs3kCHFp0wirdacsCTwutWwiNX4pYNbl%2FKST5nRLTdjgcRQJlXlsMoIr0ZG8u2BoccPpYKgnYJfD00GlRd8OgcPIr77ypYQeFoxS%2F07lIeMz39OquZh9p1qXzW2io%2FURjaIUC%2BW02uPQEqEEjBCFKxilYl1HawClAjXkCSK29oJv6taJkS12JNrQiBWV%2FPjvhpMvZnVla%2B7UKnyfOBgBheaJMIUmZ2pUa7cTkV2qCw0vKTp2iRe8A3KO9qawBTdQPfZq3%7Ctkp%3ABFBMhO3A0shm,https://i.ebayimg.com/images/g/0rkAAeSw4X1onKX1/s-l500.webp
Apple iPhone 13 Schwarz Wei√ü Rot Blau Rosa Gr√ºn | 100% Batterie | WIE NEU,‚òÜ SCHNELLLADEGER√ÑT1 ‚òÜ JAHR GARANTIE ‚òÜ 30 TAGE  R√úCKGABE,"CHF 351,20",aus Deutschland,"+CHF 10,03 Versand",https://www.ebay.ch/itm/167898357970?_skw=Apple+iPhone&itmmeta=01K92JG62VXD3JFM6MZR9485JF&hash=item271785a0d2:g:F0MAAeSwf5JpBg0R&itmprp=enc%3AAQAKAAAA8FkggFvd1GGDu0w3yXCmi1ckrf6mFpRvkYVUMvwTG1ZtBholEsjjjTVbQ5XVGs%2BGQ3TYA9CDyRp2W2103sQLu%2Bzid5PEdKdpJZXFoh0K2Brcvax5s0QpYbN0B4ubIRzo7CZET2V3%2BqaqYX0cHYKOzVDUh9R4MzKSiXAENT93IgriyVLpdxC5f9Ja3rO2gIpzHCLpVA6CT4utOccTIjL3hf1GbUBOBsLLF2CXAEK0t3tZ%2BiHLuGTpFxdAtKHSY2%2FQ6uJ4YM0Q1Khm7AZveymQIJh1t0%2Bvm8Kef5TJ8xf35I8ejKeawSSQ6UeqmKDa1jEcIA%3D%3D%7Ctkp%3ABFBMhO3A0shm,https://i.ebayimg.com/images/g/F0MAAeSwf5JpBg0R/s-l500.webp
Neues Angebot Apple iPhone 14 128GB Midnight Black FOR PARTS ONLY PLEASE READ,Nur Ersatzteile |,"CHF 98,41",aus Kanada,"+CHF 21,73 Versand",https://www.ebay.ch/itm/389174411922?_skw=Apple+iPhone&itmmeta=01K92JG62VDWM8Z2F40MARZFBC&hash=item5a9c9a4292:g:6uUAAeSwsoVo~c3s&itmprp=enc%3AAQAKAAAA8FkggFvd1GGDu0w3yXCmi1eIWFJPgscmVJXoZD9pCZxAMDhrvO%2FGu%2BNKEpTXD5U6Y2vdWxU95%2FWtc3ftUHfj8u5pr1Tru7gp8zn64KkxeTpWN%2Bg%2Fgay9cUUl7DbkOyhyz%2FT1q%2FCvwffN7s8jltJs6%2F37ICzxFCK8%2B9yJ0SuNNRh5O4Q0h4lTZ2Tb0wqQ6Okyd0T1WcKzV6S7LZUy0Ptixo99eUqUDtLe8hTOQ9MZhiTsO649r9eJUouW%2BZUsIChfLQXbx7F%2FpHLbF%2BMpCv8fWej6bYzw4XWvRBezUH0hIMFwTSUKyk8bvqJU65d9zOWl6A%3D%3D%7Ctkp%3ABFBMhO3A0shm,https://i.ebayimg.com/images/g/6uUAAeSwsoVo~c3s/s-l500.webp
Neues Angebot Apple iPhone 12 Pro - 256GB - Gold (Ohne Simlock) (SIM Modul defekt) OVP,Gebraucht |,"CHF 169,58",aus Deutschland,"+CHF 16,01 Versand",https://www.ebay.ch/itm/317491032754?_skw=Apple+iPhone&itmmeta=01K92JG62VTRR8HK5FMCW5N9Z4&hash=item49ebf0b2b2:g:9fQAAeSwbgdpBkUN&itmprp=enc%3AAQAKAAAA4FkggFvd1GGDu0w3yXCmi1c0vJ8NPcNJ4iFAHdtXdclXdh73hxOvZYkEwU1rb1E%2BJdG7O8bfeFAcMOwwefYDzxbtXB22iycCU%2BjuwMnWATYW81wnk1RbEXauB6aZVinX6EDjcteWp7RWZKRIhFp4e0JIopZRS7CxzyqkoTQH7dEoeCYue11ACY6Jna6Z97VB0OtG%2B500MI%2F1h9pdimA3nLa19Ivfv1b8VDMbgLqTI6tMycxMPJrvF8HEVSdVig%2BcXdwtIB1aIQRmu98NbxevMjQJny6IkhzBapURFKIphJP1%7Ctkp%3ABFBMhO3A0shm,https://i.ebayimg.com/images/g/9fQAAeSwbgdpBkUN/s-l500.webp
"Apple iPhone 16 256GB 6.1"" Black  MYEE3QL/A SMARTPHONE NUOVO",Brandneu |,"CHF 666,22",aus Italien,"+CHF 41,13 Versand",https://www.ebay.ch/itm/235758581499?_skw=Apple+iPhone&itmmeta=01K92JG62V6AATR1MZX1B95MG5&hash=item36e44e76fb:g:Mk0AAOSwnORm8sI5&itmprp=enc%3AAQAKAAAA0FkggFvd1GGDu0w3yXCmi1c5CxKHQDTzXgIetZlpd5zm%2BAnVIEeu2ctkcnSZwXNikiTZSy7XUING9sDOhH9iXRaJnLE0ImTCeapK7b51adNHhu%2FhfELY%2BSRZrNANdp4wo4dLfmgU2Zj61S2CYr441GNNqYqJXIvSlqZvKhjc4AcG6crmPf7MSyglXRmJIV3j0lMLkv9OykcZwpgv1iIR77W9c3C98GY%2BUc4iuJ8Lk0NH3eFeBI5sEYAZK6%2BV6KjKCopIbQsY%2BEUWsDpliYvaI9o%3D%7Ctkp%3ABk9SR4TtwNLIZg,https://i.ebayimg.com/images/g/Mk0AAOSwnORm8sI5/s-l500.webp
Neues Angebot Apple iphone 8 plus 256GB NEW battery,Perfect Condition,"CHF 180,62",aus Belgien,"+CHF 20,07 Versand",https://www.ebay.ch/itm/187704445334?_skw=Apple+iPhone&itmmeta=01K92JG62V443SMQZ8CQ2ESP5B&hash=item2bb40e8996:g:ucsAAeSwCgdpBfrN&itmprp=enc%3AAQAKAAAA0FkggFvd1GGDu0w3yXCmi1f7HPWpNAcD5rZXHjarLgw0ZC4Vn4BFbOerDVHyC8B3yIklO8YopHhPwD3jQgzX41KYCSXhCCUjyr81dFmJ05N%2BtZcsVL1l63ad12hlDmw8X6vQzV1uZw3MK0pQuMGh3RVpYnDCJ%2BB4gyYr8JVcTrqsGdykfUm6gF3WirophjTJ2Zj2DhYKnZTndbs0sHWb80HPGgsVlhQEn99MruGzlHnPQgUjLulcjQZnvH%2B4%2Bv8zxwrm18hRJB883ob4eXHR234%3D%7Ctkp%3ABk9SR4btwNLIZg,https://i.ebayimg.com/images/g/ucsAAeSwCgdpBfrN/s-l500.webp
‚úÖ APPLE IPHONE 12 128GB üí• BIANCO ‚ö™OTTIMO,Gebraucht |,"CHF 220,75",aus Italien,"+CHF 9,93 Versand",https://www.ebay.ch/itm/376460956982?_skw=Apple+iPhone&itmmeta=01K92JG62V1G20AC51V7CG2TXJ&hash=item57a6d25536:g:b5UAAeSwD~Boky9H&itmprp=enc%3AAQAKAAAA0FkggFvd1GGDu0w3yXCmi1e2mfdB8qWjFKqlqqXHpEb4RHsXb6ltdo9Ei98uZ5s7X9sq2BT2oXyfBwhwDajt1ecp9yUNy%2B8FELGrhiWG%2F9KemaPLapVheZ7Rz0bq0ViUFYWscPMaf0KrSXwcTjJQSyHEcC5KPDCXJc%2F205wCUXrvmMIoJZyye8VDxcpUQF6VPUT%2BjHADE6mHHnn--QppBTMIqP%2FgAP74GK4eDz0r39rg0%2Feyl3Oka8tltJO4u7xEMlO%2BDtI26yzpOPVa2v6cFRo%3D%7Ctkp%3ABk9SR4btwNLIZg,https://i.ebayimg.com/images/g/b5UAAeSwD~Boky9H/s-l500.webp
Original GUTES Apple iPhone 5 5C 5S 8GB 16GB 32GB 64GB entsperrt 4G Handy,Gebraucht |,"CHF 24,35",aus China,"+CHF 1,74 Versand",https://www.ebay.ch/itm/396338306019?_skw=Apple+iPhone&itmmeta=01K92JG62W6YVNWF44QVE99S15&hash=item5c479a9be3:g:DVgAAOSw5zhn27Ap&itmprp=enc%3AAQAKAAAA0FkggFvd1GGDu0w3yXCmi1e2tUpu2elA%2F9AI%2FsiiaY42hvwkr2mhMYNR%2FJ8eSv3RjVORrckVRQbMIPe9syHSJKbTO7DTxFvLt%2FYJ6aGimFWec7KPNy7wxTxl38cBwqfGw7pTAGo%2FrG03xGvnqVMellgBVeK43RIA7lkhVkJGHUcTHmfSVO%2Fg%2BmkZVulFCw6DrHGHmOmELoXIpCsRu9ZnC9IpMFE8XIFLreZmuNdrjf6cVYv%2BXruWBuY9N2K5czrwNXeZ4OI0oGBDrygZq3nrHLk%3D%7Ctkp%3ABk9SR4btwNLIZg,https://i.ebayimg.com/images/g/DVgAAOSw5zhn27Ap/s-l500.webp
"Apple iPhone 5 5C 5S 8GB 16GB 32GB 64GB entsperrt 4G iOS Handy, getestet GUT",Gebraucht |,"CHF 23,48",aus China,"+CHF 1,74 Versand",https://www.ebay.ch/itm/197106871532?_skw=Apple+iPhone&itmmeta=01K92JG62W5DE29CXR93K08SNG&hash=item2de47c2cec:g:LksAAOSwY0Nn09NK&itmprp=enc%3AAQAKAAAA8FkggFvd1GGDu0w3yXCmi1claNl4lMgFD4ErYP3onQb66ac1mF%2By2c7SP7whYjGLIozMc6Yusq7GBKE6L7lR1bvGjHOtyIEXQWJo4onyQyO99o9dpXJlULap57ExUZSL%2Fu2QwlIvym%2BTwIvEfP6WymMwNpdQanLt01JiickAkJz7UeDLghI3%2FULG6DaFGcL88pIHM1%2BXf7swxjnrs%2BFP9aJCC%2BSRT9%2FF1JHoYbGN6ifqgvi%2BBZLntxJmJDM%2FjUFCUk9%2Fioadf2VnS9onnY8k697VlHOajUxRFp9Bs%2BrS70JZqKwVKH1qRHrO%2F9k5pq5xCg%3D%3D%7Ctkp%3ABk9SR4btwNLIZg,https://i.ebayimg.com/images/g/LksAAOSwY0Nn09NK/s-l500.webp
Neues Angebot iPhone 13 - 128GB üíæ-  Nero ‚¨õ - Tutto ORIGINALE - Batteria NUOVA 100% - üì±Apple,Refurbished |,"CHF 320,10",aus Italien,"+CHF 15,05 Versand",https://www.ebay.ch/itm/205821747949?_skw=Apple+iPhone&itmmeta=01K92JG62WF6TWX0WA9BTAR4JB&hash=item2febeea2ed:g:nzsAAeSw9kppBz9Z&itmprp=enc%3AAQAKAAAA0FkggFvd1GGDu0w3yXCmi1c8JUA2JthvxPWz6wWMZwWcy39BDwZLjYx1gFHFa7AwKk%2FSE3Gym93rcoMXP%2F9H7HR4C81%2Fq7vZ18CiY%2BdvvR448cohwLEzp1SUa%2FF1nSP9RQkvG3GoJRNMLOoncI0peaedsA%2BctiJfoVpXeGLrAVcx%2BqkwNPcwD4HIhUAzydwhagQMe%2FSId4bGy6lZO37lhYhiD4RX5skPuFxVqsNVoNT0lqtdCygmVuPLfvmUVsgUjnSC49Lw2IIr8%2BWAMUmEU4k%3D%7Ctkp%3ABk9SR4btwNLIZg,https://i.ebayimg.com/images/g/nzsAAeSw9kppBz9Z/s-l500.webp
Apple iPhone 11 64GB/128GB/256GB - ALLE FARBEN - ENTSPERRT - GUTER ZUSTAND,12 Monate Garantie - schnelle & kostenlose Lieferung - entsperrt,"CHF 160,14",aus Gro√übritannien,"+CHF 34,32 Versand",https://www.ebay.ch/itm/224579829211?_skw=Apple+iPhone&itmmeta=01K92JG62WER3C0M350YPMK16Z&hash=item344a003ddb:g:VtgAAOSwq9BhEnWX&itmprp=enc%3AAQAKAAAA0FkggFvd1GGDu0w3yXCmi1eEnzvBO9PrbexOfLddH6SoG7JvcBHe6QU1PQU6epaE2GM6doofnaJVxSXPd8xYFy7r9ZcPpamuE6%2BVC9h5e8sOZb%2BuWMKr0z0IeDliEicbehbwsVkUFMEqN%2B%2Ffx%2FuBPHY62r763dfbn5twXVUtVsD7PLAaLmPLR8jmSJAbixTzstQYPAuN0x16q92okcJQP9l4%2B6fZ9LVLFDKb26damvM%2B21FDAacpDMyEaF70nu496Zbmm9C%2BsM0XYCQQX%2BtYN4Q%3D%7Ctkp%3ABk9SR4btwNLIZg,https://i.ebayimg.com/images/g/VtgAAOSwq9BhEnWX/s-l500.webp
Apple iPhone XS 256GB - Ohne Vertrag - Ohne Simlock - Smartphone - Handy - WOW,BLITZVERSAND - EBAY GARANTIE - FACHH√ÑNDLER - WOW,"CHF 143,27",aus Deutschland,"+CHF 12,64 Versand",https://www.ebay.ch/itm/264609465341?_skw=Apple+iPhone&itmmeta=01K92JG62WZ84NRT2BDG3DGTR5&hash=item3d9bf403fd:g:L24AAOSwwRBcryTf&itmprp=enc%3AAQAKAAAA8FkggFvd1GGDu0w3yXCmi1eCvhxfs7qPWgtFb7vmRRZ%2FDDxe%2Fn1W0tQDcdg53KUHb8qKQM%2BW88ZNJEdD4%2Bh9jtl2Gh0Tu5ycIXacZPjsFK%2Bo6%2BelVvMnqLArTnpb8UEOPQeDqTFtU3gceQUxq26cUoBdyxWUJZRKd%2BBrZKZbOVtLMozh7ZRPehFumKrZsFRt5jxAzs8bMjjzgap26IxKM9ZRjFIPqwXwoSNK4wrcMu11g6qtJ1HUPkefmuCDtp%2BwV5zKpJv%2F2js0SEgIo8sZwYo6YkVq2eEmrTxc%2BRKwq44TLyOSKOSSaHg1ZCbEOiXjvg%3D%3D%7Ctkp%3ABk9SR4btwNLIZg,https://i.ebayimg.com/images/g/L24AAOSwwRBcryTf/s-l500.webp
Neues Angebot APPLE Iphone 11 64GB - (senza operatore) - condizioni OTTIME,Gebraucht |,"CHF 130,45",aus Italien,"+CHF 17,06 Versand",https://www.ebay.ch/itm/286912663482?_skw=Apple+iPhone&itmmeta=01K92JG62WR0EYCN30V3ZQR297&hash=item42cd53cfba:g:iGgAAeSwQbdpB0O~&itmprp=enc%3AAQAKAAAA8FkggFvd1GGDu0w3yXCmi1dCF%2FnZBq35Ed5zvZNAh%2FodkERPY--JNiIvDtBM6Elwhg2b950xcWS%2BHYppAPNN%2BrZxojELU0c8EwqLbBTPaFnvHweR4FvxC0o3brSu4MTZ3vkLVwjo52UO1QKUL%2Fmk6TzY4niMSYrF%2Fn8UhDSMcrBQ3C8hYhFnP0Z9mjNHNYkQKRC1a3BlWRMUpivhzER37V89D%2BbV5MgBU5ZKX3is6F3JIK%2Bud81%2FpqhsQswUt8MjLgDmtD%2Fzw36SUGh2LxKitS8VDAwMIJN8--GFpgwvkhmQ5rZdNPA5qGmF4sGH71lcLg%3D%3D%7Ctkp%3ABk9SR4btwNLIZg,https://i.ebayimg.com/images/g/iGgAAeSwQbdpB0O~/s-l500.webp
Apple iPhone SE 1. Gen. 32GB Space Grey Neu in White Box,Brandneu |,"CHF 101,18",aus Deutschland,"+CHF 12,65 Versand",https://www.ebay.ch/itm/234448889752?_skw=Apple+iPhone&itmmeta=01K92JG62WZ4GGRNBA606KZD7Y&hash=item36963e2798:g:38wAAOSwJrNoXUkR&itmprp=enc%3AAQAKAAAA4FkggFvd1GGDu0w3yXCmi1fiufoFYTZSUxLzZDubynAjwCzVauXXAVtbNk%2BKhO%2BCo5G%2B8MlIr8%2B2W6H1EeT%2FbYCI6MCTestSD19%2FBQdmv4INepp5BACrToJdLLDjpBBd7g8w%2FTwS8gpuTthJQYfWkwTir32d9yasf%2FMWIfEGEWKR8RlVUgVepg7zb5U%2BtQfFnxH0VR8HsxBNfj2R0M8xzUA6mgwi9eHlQ09ppkwyklfuTjExZli5Cpd55Cb8Y4B0VZeBGvtJ7%2FWR5nm00grfmkKLklCCQaA8hC4YZ2QehdCV%7Ctkp%3ABFBMiO3A0shm,https://i.ebayimg.com/images/g/38wAAOSwJrNoXUkR/s-l500.webp
Apple iPhone 13 ‚úì128GB ‚úì256GB ‚úì512GB Alle Farben ‚úìWie Neu ‚úì100% Batterie,‚úÖSCHNELLLADEGER√ÑT ‚úÖ12 MONATE GARANTIE‚úÖ30 TAGE  R√úCKGABE,"CHF 351,20",aus Deutschland,"+CHF 7,01 Versand",https://www.ebay.ch/itm/227049221108?_skw=Apple+iPhone&itmmeta=01K92JG62WX4FV9K9J6MEPZNGT&hash=item34dd302bf4:g:R8QAAeSwUfxpAi5t&itmprp=enc%3AAQAKAAAA8FkggFvd1GGDu0w3yXCmi1fnSsXVHQ86Afl4%2FNkYBEDrw97lAtpXOpBdw%2B%2FGa6aykpDoDGoHA1qY1umq9HFnQwmeQIq5t%2FOXJWJcm0LvoG3Z05i%2FB4TYknZvYGI6Li3S4p0k1bFKpQ1WEb0L7DN%2FP2z432yIk2gP7ISQ7ix%2FRyXK37z6Kvp3jCLpP%2FFyRPGLdaxunMydzgWAod9dJ51ix74OxJ9o66ljkBPivJzLwjXGLiXDJg5s1zCgkp%2FM7i6uvLo1Btdcenn7ACUqOf8gfpZJVKHG923AW6UBzOFbeWqtqF5NmkKTbpa82zIVqkPlmg%3D%3D%7Ctkp%3ABFBMiO3A0shm,https://i.ebayimg.com/images/g/R8QAAeSwUfxpAi5t/s-l500.webp
Apple iPhone 13 - 128GB - Mitternacht (Ohne Simlock),Gebraucht |,"CHF 250,86",aus Deutschland,"+CHF 25,09 Versand",https://www.ebay.ch/itm/389162781207?_skw=Apple+iPhone&itmmeta=01K92JG62WYACF4JW990B61WMK&hash=item5a9be8ca17:g:72AAAeSwBjVo7prg&itmprp=enc%3AAQAKAAAA8FkggFvd1GGDu0w3yXCmi1fvuGDEJgCSdj%2FM%2Fz2zrYyTJoRHMExOtycFsLl3OQ91PpmPpkzaRoTkzGJ1kGR6pfOmhvzYYNkIgqTWZzmfodbfajwRSG98b0puyd0yr%2BhULdSU5g1cDGNtuD7oZXATxVIRCdq3GuczQbcS6djXvQhY%2FUWKCVShwvUtRpaUYOoQWL%2BE4u8O%2BiddJ5BuGIY%2B%2BZv7C979NYNNZf23%2B0qPzMKWLtQfNTQpUELEtIyksV5QYDR1lo9%2BAuqonsJUNkkcENuMr649G%2FD0YezVYaxdLD5UykgyuhItwRhSQmPTh24QuA%3D%3D%7Ctkp%3ABFBMiO3A0shm,https://i.ebayimg.com/images/g/72AAAeSwBjVo7prg/s-l500.webp
Apple iPhone 12 Mini - 128GB - Ohne Simlock - Ohne Vertrag - WOW - Gebraucht,BLITZVERSAND - EBAY GARANTIE - FACHH√ÑNDLER - WOW,"CHF 160,13",aus Deutschland,"+CHF 12,64 Versand",https://www.ebay.ch/itm/234299553561?_skw=Apple+iPhone&itmmeta=01K92JG62WH66SJG1SV9MF7ZXH&hash=item368d577719:g:tckAAOSwuXhgbDjD&itmprp=enc%3AAQAKAAAA0FkggFvd1GGDu0w3yXCmi1ds68a4LMKewZzaudaHi5dOeSQQxvWE0Z2%2BEFpyNqVwje1Jk%2Fsoy5%2BAcq9OYLzhtTA6yM6uFXkA1DOx%2Bb1HcyH656BHPAu7C9uXvzq4Nf--QvrbB2lQKlSxbjIEY1uhJZ5xffVM7dhfPicZ2hp2nzD09WdPyuTpnt94v%2B1fEjRHVLi%2FvSN8jiDveb1N7OMcJySr%2BrAtIY0m38Kx0%2FZOohhBozRaQjYjIB%2FPt9YZz%2F6VTewI5xWOccQSn8gxI%2BVE55U%3D%7Ctkp%3ABk9SR4jtwNLIZg,https://i.ebayimg.com/images/g/tckAAOSwuXhgbDjD/s-l500.webp
Apple iPhone 11 - 64GB - Bianco (Senza operatore) A2221 (CDMA + GSM),Gebraucht |,"CHF 99,34",aus Italien,"+CHF 9,93 Versand",https://www.ebay.ch/itm/205780622580?_skw=Apple+iPhone&itmmeta=01K92JG62WYYBGFEME501J2SVF&hash=item2fe97b1cf4:g:dPwAAeSwGrFo66um&itmprp=enc%3AAQAKAAAA8FkggFvd1GGDu0w3yXCmi1fEk5M9dqVjM%2B3dZjT8RTDNtFZYVCJAZJnu24ie7UdirUrMbujIWYK3XkPV53cZmIWDTttgmhGtFQrYEZAdJDxA%2BImHmEjICt4sv5KUPW7GKl25QcycvycD3UV%2FaDeo99pyRXTP1mSYOpNb1PjulGRejH4PvvV9std4qSdnXg6RwiE0pg5jyF1b0vSPwGBWXKTGuAeXl8s8V73wZb8d6D96xptwWkfD1fYhqU0JnYv76xDchgP%2F8FXOJmQ1QwqCO8Z5l9RfBZKReFIhi%2BfnBWq1s%2BrYrrID%2F7l5K%2By7rFLbGA%3D%3D%7Ctkp%3ABk9SR4jtwNLIZg,https://i.ebayimg.com/images/g/dPwAAeSwGrFo66um/s-l500.webp
Apple iPhone 6 A1586 16gb Bianco Argento Silver 3668 LEGGERE DESCRIZIONE,Gebraucht |,"CHF 16,06",aus Italien,"+CHF 20,06 Versand",https://www.ebay.ch/itm/227042489190?_skw=Apple+iPhone&itmmeta=01K92JG62WKH09N8H779HKWCPS&hash=item34dcc97366:g:C3AAAeSwVNZo4hJD&itmprp=enc%3AAQAKAAAA0FkggFvd1GGDu0w3yXCmi1fwi00VuYPyO3NaIk9pIoEXLoLbZM%2FQOmupDYU%2BFkR1C3RRP4WrkurjwkIGeRP8g6pSFnw11LI2RE1R%2Beh%2FSJKzDNaSiWhoChN2JuhS1Bosv%2BqtIhC5FU%2F5yvCqWK0Pi%2F2biY7jWJ9bL5Eg3utWwmEoZqNMNEghRvP%2FLqfKzdrtgqtkOlXRKaq5M4ahNqSqZoCZZGszdGhB9BTi6ZHDn5wOZkjKjeacCLs3yYraWs0UIM7xVBFtsvfzxtXRyym4P7s%3D%7Ctkp%3ABk9SR4jtwNLIZg,https://i.ebayimg.com/images/g/C3AAAeSwVNZo4hJD/s-l500.webp
Apple iPhone SE A1723 16gb Grigio Siderale Space Gray 2333,Gebraucht |,"CHF 39,13",aus Italien,"+CHF 20,06 Versand",https://www.ebay.ch/itm/226797646389?_skw=Apple+iPhone&itmmeta=01K92JG62W4CAQCZ1E0BRP89DZ&hash=item34ce317235:g:V~EAAeSwrP5oQVnx&itmprp=enc%3AAQAKAAAA8FkggFvd1GGDu0w3yXCmi1fvIVzkgVdAMRLrUaf1IIkt5FtcOx55Ow03u05ReGmcvTiNHLecJbtMCStHroU0LXl0A9g7uorKsFZVcZCIzSTFZXS%2BO2Gr6SF3Ws9%2FdYsu5himaED3rDpj9bHrVrFKD4WMvTE1dlUcqKTKjrodmNK%2B%2FVRr82%2FMKC1NCwtWkL8iqm%2BTvDVrlNYpZAM6YogJ%2Bey9RfGvVAVbzOxy4HZZarO3XQoyh6pi91jOh1HC6ThdwcgRJhMnbhnIPnVcpiMeUwXERLVAf3t9NccchlKdmc7R0u4CWLogncoRLYf9RhASFA%3D%3D%7Ctkp%3ABk9SR4jtwNLIZg,https://i.ebayimg.com/images/g/V~EAAeSwrP5oQVnx/s-l500.webp
Apple iphone 6S 16GB 32GB 64GB 128GB + GARANZIA USATO RICONDIZIONATO grado A,Refurbished |,"CHF 119,41",aus Italien,"+CHF 15,05 Versand",https://www.ebay.ch/itm/294854947316?_skw=Apple+iPhone&itmmeta=01K92JG62WMTDB48P9R8RZM2NG&hash=item44a6b971f4:g:~JUAAOSwq5ZiMF9A&itmprp=enc%3AAQAKAAAA0FkggFvd1GGDu0w3yXCmi1cw942a6S%2Fl0xeOjFO5hJh8NsT63W65qJYnMloPSeki%2BSmFCVfhSnmIl%2B5Z3a9Uv0Z--u1Zkz7h%2FARB%2FWIMEYYzWbGpfEWGgm6%2B1VIBnZ%2BER7R0hv4uQKXeVUbY%2FJoa3izKx3X5TCoH8P%2BHToXXf8cQ5xXf8mzv%2BujM99wg3UxmranuLCl0DMpdUiHlfd9olEqltOs8JwlXOZ1WcwjTFOEpMSWlibB6NnB30goxUbBDrLHcb4A%2BhbttayQWX8F1K28%3D%7Ctkp%3ABk9SR4jtwNLIZg,https://i.ebayimg.com/images/g/~JUAAOSwq5ZiMF9A/s-l500.webp
APPLE iPhone X 256GB nero grado A + cover silicone + pellicola vetro + carica,Refurbished |,"CHF 249,86",aus Italien,"+CHF 15,05 Versand",https://www.ebay.ch/itm/295863069488?_skw=Apple+iPhone&itmmeta=01K92JG62WYYD2N0CB3M000VFK&hash=item44e2d02b30:g:WHcAAOSwif5j5BP6&itmprp=enc%3AAQAKAAAA0FkggFvd1GGDu0w3yXCmi1fFpN7Ag%2BUmTBy4j71XSVFYC%2Fz3tCI95Q37gr1pve2c%2F4DqAl5Cnm0OpRezkpDrTbQCjunNzXDBCRm%2BSK029TSohj%2F0WTd3Hn%2FCehIbkXTLi0oHHrucdOyHLSQPOCNrxrD5yPgCr%2FunrCmuUrEkjUvWXVOyzKAF%2Fjlld4sUBRH9wSioo%2FCAFa5hIqJYptIQrSkPvrF9ZHytdmDCI8NB3DC%2F7QvTtZvqkVuwfJ0cUgeatsZ5pQI21JH4G6ARc9cboNk%3D%7Ctkp%3ABk9SR4jtwNLIZg,https://i.ebayimg.com/images/g/WHcAAOSwif5j5BP6/s-l500.webp
Apple iPhone 3GS 8gb A1303 Nero Black 2156,Gebraucht |,"CHF 29,10",aus Italien,"+CHF 20,06 Versand",https://www.ebay.ch/itm/226737466344?_skw=Apple+iPhone&itmmeta=01K92JG62WAD2X7ZRW5FYCSK1J&hash=item34ca9b2be8:g:-ZcAAeSw~YdoGc90&itmprp=enc%3AAQAKAAAA0FkggFvd1GGDu0w3yXCmi1dAvt8cPjJLNQGHgTw3d9D2sK2hnG5o9uVBNJ78sMkj%2BqBdWngesekPTEQqSVie8qBYxKWjeO8oavaHfBgw93j%2BamIz2cnoMP9%2FzbY0MEcpUDdln4ZP7KFUSRCaMtrEX6lo%2FiuyJWREmQ8S6RjW%2BLExlHc3cjgiMr6NKr91aQAJ3C4U2SxbHQNh6NRSmmhjStpr1Do8StV5A33AsFWJaZxWawqifRAV8HJY7EmYwr0zThxdlGu1fFX2vo5rK%2F8erEQ%3D%7Ctkp%3ABk9SR4jtwNLIZg,https://i.ebayimg.com/images/g/-ZcAAeSw~YdoGc90/s-l500.webp
Apple iPhone 4S  16gb A1387 Bianco White 713,Gebraucht |,"CHF 29,10",aus Italien,"+CHF 20,06 Versand",https://www.ebay.ch/itm/226744526116?_skw=Apple+iPhone&itmmeta=01K92JG62W8F9GEZ8B7DWNP31Z&hash=item34cb06e524:g:V8wAAOSwH3hnN2MK&itmprp=enc%3AAQAKAAAA0FkggFvd1GGDu0w3yXCmi1cv8Dij%2BjM6d8AzizrqoKZ8jiqiSC06M3Rbpoexm3ipjEAKgcFOinbDYMOZJH%2FpR8pVkZF1XR77fJ7fmpPySQIa3KY5dqy6vG89ErxLmMBtKhz79U8qb6gDWFZLZ8lyUgpHSg8JYdJjwwFvytciFsjpBeYHinKd4kQ6cwfmWdvaXhXnsfnsy46kY3XtaPZiZ4Gmz%2BMjQFpz0dxPEY5O53CarAH5qM5w2s6LtFR%2FCn6dRGRYv9xEF46OuJYcc8ZuLo4%3D%7Ctkp%3ABk9SR4jtwNLIZg,https://i.ebayimg.com/images/g/V8wAAOSwH3hnN2MK/s-l500.webp
‚úÖ APPLE IPHONE 12 128GB üí• NERO üíØMOLTO BUONO ‚úÖ12 MESI DI GARANZIAüíØ,Gebraucht |,"CHF 205,70",aus Italien,"+CHF 9,93 Versand",https://www.ebay.ch/itm/375740137703?_skw=Apple+iPhone&itmmeta=01K92JG62WJ56F3QW58AECP4HR&hash=item577bdb80e7:g:NJwAAOSwwpdnWvGF&itmprp=enc%3AAQAKAAAA8FkggFvd1GGDu0w3yXCmi1fsVjD1jArgs9dVK6YtY4j3BiXu1exe%2F5%2FziqOMBq8jTr3%2FlhEgzyrCIwHm4shnnyS4wwRKj4O2twv9dy3%2B%2BgYKAXPUuOu%2BEG7ocSojLpfiOYenApgYlyEZdkFL5zFmscjxg%2FfvA7PX%2BA91J%2FmoiHUPofQD0NyiF6gm1Mu7XYY0KX3jFzWuWbdsoPe7HSX%2FRAdbXwCn2T36cXvGcJvV7KWLguHSKODQXlFh1W3oc4sFjtdu4mZ6MOR5fjmSry%2FqWYlbl8RPa0ZRo5HFGuc6cgIJv31fVnlxPuo38NFr%2B6nMQg%3D%3D%7Ctkp%3ABk9SR4jtwNLIZg,https://i.ebayimg.com/images/g/NJwAAOSwwpdnWvGF/s-l500.webp
Neues Angebot iPhone 13 256 GB 86% Nero Perfekto,Gebraucht |,"CHF 270,93",aus Polen,"+CHF 10,03 Versand",https://www.ebay.ch/itm/227054302620?_skw=Apple+iPhone&itmmeta=01K92JG62WP99YPBNV3AF963AT&hash=item34dd7db59c:g:cwkAAeSw4-xpBi23&itmprp=enc%3AAQAKAAAA8FkggFvd1GGDu0w3yXCmi1crPlQHaj9Vi24xzhER%2BpWfKobGXCjhwzlGd3Gns6QrS1mtAd6ORkFnbYQJi83d9xWG%2FsA6SHc8JhWesk0CEixD2dXW6TXKcE6S%2BimVg%2FjDGuR3jMkLTYd50cFoxAxyfAP7Xjel6%2FY3kkcvCWdRTUuDuauiQyo2WiFwkj1phvy92K%2FK6BMoyVzkkf4HtD2MN%2BJ4EnSuhA2rxZTgxwlM1MmdywKTWONclNyIjGcSjBH6HrmUZz2VYC6YYuYF7HoTMvMESNTjViUD9lSGpsM0s4JHLV2Dw3KJQFOrlrAIU0zOLQ%3D%3D%7Ctkp%3ABk9SR4jtwNLIZg,https://i.ebayimg.com/images/g/cwkAAeSw4-xpBi23/s-l500.webp
90%Neu Apple iPhone 6/6S/6 Plus/6S Plus-16/32/64/128GB Mehrfarbig (Entsperrt),Gebraucht |,"CHF 31,31",aus China,"+CHF 1,74 Versand",https://www.ebay.ch/itm/356984287976?_skw=Apple+iPhone&itmmeta=01K92JG62W3KRHAA3PXSRT1FRJ&hash=item531debf2e8:g:8L8AAOSwU9hoNCP9&itmprp=enc%3AAQAKAAAA0FkggFvd1GGDu0w3yXCmi1c%2F1%2B6Zik0Qm7RXHrFMDaAAD3kYIE7DZu3vfzQTGt8kpykmnT2Xf0Zix6pFuy2mrdjOPk%2B7EKHifT089Y7W3VDZeLq%2FK7bRYdi90S2L3TEONWrQTRuMmRWenPTzRXMHdv%2F3rcIMbVUBuOIb75UfTigiIzqUTP6opcTlpHsxhSB34KbyRrXTTahFeNA%2BAdBE49DAFO5rdtbCudtWPQa6z7vfYHslhGv19Zybx7lGEJfNm6RzBn8UjHsPEPMSwDl1EF8%3D%7Ctkp%3ABk9SR4jtwNLIZg,https://i.ebayimg.com/images/g/8L8AAOSwU9hoNCP9/s-l500.webp
Apple iPhone X - 64/256GB - Space Grau/Silber - UNLOCKED - GUTER ZUSTAND,12 Monate Garantie - schnelle & kostenlose Lieferung - entsperrt,"CHF 148,70",aus Gro√übritannien,"+CHF 34,32 Versand",https://www.ebay.ch/itm/224579816970?_skw=Apple+iPhone&itmmeta=01K92JG62WGTATRF2C9E7NB72M&hash=item344a000e0a:g:Xq0AAOSw9OphHjow&itmprp=enc%3AAQAKAAAA0FkggFvd1GGDu0w3yXCmi1cZuT3z9LqiHrYDY16KpHHfsFThmPUCU7IcViCa9EU5GzefSfgYUl7lIdt8XfMQrFUWVfcc58YQxXASZsIpunS0TGEKL6DTPMVgzBEiUQYSCfx12nb18nqinYIcx%2BrNebfKhcmjrTltLfkrmxnbkjg3n7XyqewBr8MmC5G28IK13%2BZutD6p4JsPY%2FIZeQ7ULbbocA4Q%2B%2FHevw7lgxtQYnEkGm51b2Jnsdnl%2BCuQR8O8A8%2BM8IWXvk726CsWG3EWimw%3D%7Ctkp%3ABk9SR4jtwNLIZg,https://i.ebayimg.com/images/g/Xq0AAOSw9OphHjow/s-l500.webp
SMARTPHONE APPLE IPHONE SE 2022 - 64 GB - 3RD GEN - Mezzanotte,Gebraucht |,"CHF 163,68",aus Italien,"+CHF 24,68 Versand",https://www.ebay.ch/itm/126994570316?_skw=Apple+iPhone&itmmeta=01K92JG62WHWPG7720ZGT9KMWP&hash=item1d91775c4c:g:oPsAAOSwWG9n1TdH&itmprp=enc%3AAQAKAAAA8FkggFvd1GGDu0w3yXCmi1dORzcTF8%2Btywr7ZlB4CS%2F02yRUEdl%2BoLvYyOyi5tWJiI%2BSQwT5VlnMH8xbQ0BZVXuLK1oGYtDlwEcCdTpKwBGOetLUzNCihlTiT4DVLcX9BaKPE7w80YoXpZV9ldDh9aScURmar%2Byj9F1waRWKozkr5AALrN7zGRr%2BuO6kHxVAc4x9VuJcWD6dnHS7d6yAIdpihyxBmTDjINZqvpjglO0viYYdEMYZP6R%2B9bMz2qwEUlFcPRe2iAWeKyLKenciNZFzJbK4fyFipn8EX2EU%2FdK0ST8OYaXX48eZVQiNCOJGPw%3D%3D%7Ctkp%3ABFBMiu3A0shm,https://i.ebayimg.com/images/g/oPsAAOSwWG9n1TdH/s-l500.webp
Apple iPhone 13 Mini Wei√ü Starlight | 128GB | ‚úîÔ∏è1 Jahr Garantie | Zubeh√∂rpaket,Gebraucht |,"CHF 262,91",aus Deutschland,"+CHF 22,08 Versand",https://www.ebay.ch/itm/317453822212?_skw=Apple+iPhone&itmmeta=01K92JG62WT71D51H1W0E9BA32&hash=item49e9b8e904:g:NXQAAeSw6RVo9t~A&itmprp=enc%3AAQAKAAAA8FkggFvd1GGDu0w3yXCmi1eWZ1%2BTJqmknm3JiHI9xuen4iz%2B0g5rp4xyHvs80GDeSkE8XtBlikkrUyGjTgG9LbtiaaOaDJgCPBNmfrwAUZ2Fe7CvkJlW3%2Bros3lThnFeKZBbJ8vxbQWkDqmOLuGptOmWRdH0UY%2BmLmPm3uqbd2Ecng8lWnerZ0doaIrSTlnSQC5XmjZi0qVud9WWMFmBXSOX1OHWmG5mBT983e7ZE093bxJZ4VhMDOxC6ndjNJlkIs8gR%2Fd6zT%2Fk7Ufh6hVixCt1f%2B2axQ9wm5%2FfynpG2burJFFVJPsTjXjikenX9lgoXA%3D%3D%7Ctkp%3ABFBMiu3A0shm,https://i.ebayimg.com/images/g/NXQAAeSw6RVo9t~A/s-l500.webp
Apple iPhone SE 1. Gen. 32GB Space Grey Wie Neu in White Box,Neu (Sonstige) |,"CHF 67,45",aus Deutschland,"+CHF 12,65 Versand",https://www.ebay.ch/itm/385203385592?_skw=Apple+iPhone&itmmeta=01K92JG62W2KHGKJR1VZN669WE&hash=item59afe934f8:g:v04AAeSwKntotaNQ&itmprp=enc%3AAQAKAAAA4FkggFvd1GGDu0w3yXCmi1eA7C73agR3eF6KeHya5azfdnzX3SGlsP4wJyROeLMaBVjGIZ28xakZRUqTsMCGwQ1K7swY3r--ZlQ4q%2Banssu%2FGEDQwqEpmNnE%2Bs24o1%2B930Kwzq0T%2FbrLQ2Rh3EIelIEvOuXb3G%2B%2FOsfEZavjP4xsYUDsEJTE9SKDBSuXv9HZRaFkDykaVOk1omXSk71z1SI2jSGM5z%2B8zp3alzLlE9uCXsTn6YwGuIXAZIJQbExzJmQ4bsJGqWFWfAEt09guntRwR1ITEfpC5fCO6RZIHato%7Ctkp%3ABFBMiu3A0shm,https://i.ebayimg.com/images/g/v04AAeSwKntotaNQ/s-l500.webp
Apple iPhone SE 1. Gen (2016) iOS15 - 16/32/64/128GB - Entsperrt - Klassiker iPhone,Neu (Sonstige) |,"CHF 60,01",aus China,"+CHF 1,74 Versand",https://www.ebay.ch/itm/357765250533?_skw=Apple+iPhone&itmmeta=01K92JG62WZYYXHFAJP3V8A06N&hash=item534c787de5:g:RNgAAeSw4V9o8bLP&itmprp=enc%3AAQAKAAAA8FkggFvd1GGDu0w3yXCmi1fbeKLmKUYKo6%2BJQjgBVSUF%2BdOBFr%2BmPUamN35anBNFv0jqH7cJRLQEiL2Mvq7TVCRJQdtmehVQJnKcpFUPKv%2FPJ9TC1nuW87OA5lWFwfCTvmPiZBHWijXwk5cxv4YY0RFOfq8a5rxEt9k9uvrhWVp97j5Q8h6nNRJoUnQn%2BY3Ad6nXZlVnjGy%2Bqp6N8mVoRcryNjaeA1fkkB5FqlK8OhxHyl0DyFRNN6xoCiOZg%2BGFv%2FvgncbBqqZSDG4XaTs%2FR04Akv%2BBsOyn9SHZNqvYeD0wWhDI8mZZS6N1mCQOnAKoBw%3D%3D%7Ctkp%3ABFBMiu3A0shm,https://i.ebayimg.com/images/g/RNgAAeSw4V9o8bLP/s-l500.webp
Apple iPhone XS 64gb Grigio Siderale Grado A - NO FaceID,Gebraucht |,"CHF 89,31",aus Italien,"+CHF 25,09 Versand",https://www.ebay.ch/itm/136670474354?_skw=Apple+iPhone&itmmeta=01K92JG62W574S4P9VWF9MBQK5&hash=item1fd231f072:g:~58AAeSwPiRpAOnx&itmprp=enc%3AAQAKAAAA0FkggFvd1GGDu0w3yXCmi1fRHbRCyB8VcaCCYAU9mWFQ%2BvaIEweI4rqHaJGc31UNZCHFATx2zXqF7L4CTUrJrWiviU22t0TaMcSQueQVatALYnbleYUjUbMyP%2FzG%2FDNj1mtOXKyuQYGrIxkj04j88mYrQZ915EFwQ5pnhOQCzG%2FoAZ%2BW5SL2GGKoCPnRtkQO9AFQl5fOymXBd0f0dJ3Sl3lII9kuVWTZxodLVfl2ZPmP7M8pLd8YggIo4OMJZfVWeTLb5wQcDIktVdGhQLq5byk%3D%7Ctkp%3ABk9SR4rtwNLIZg,https://i.ebayimg.com/images/g/~58AAeSwPiRpAOnx/s-l500.webp
Apple iPhone 6 A1549 64gb Bianco Argento Silver 3562 LEGGERE DESCRIZIONE,Gebraucht |,"CHF 16,06",aus Italien,"+CHF 20,06 Versand",https://www.ebay.ch/itm/227000347393?_skw=Apple+iPhone&itmmeta=01K92JG62W4HPJ2Y9NHMN47KPP&hash=item34da466b01:g:9kwAAeSwpBNo24WR&itmprp=enc%3AAQAKAAAA8FkggFvd1GGDu0w3yXCmi1dSEChu%2BvIZlW2N%2BNITdZ8DZsnym4l2ll3vokp8jPIuT9gEPiQpEXSA8d35gmx%2BlkqlyLaYVBwgGJc6%2BUQs7UQXRTv391EQnNBXgZ81u0rQr8gAVGwXAnFgJF%2FGO6A24%2Bqyg841PRicD%2F7Lz3T%2BeVeJ%2FRbu34mbIMDflFh2vR5b9ATpGV%2BTlaeiMqJVIu4X9u2ZcFBcAZPWtFFvzPUWstcxKnI4ArT%2FLKhV5d9%2FZeg4HPfI%2Bbfg7d0sN263uIjWGShk8%2FqRChcvA28oYb3XyCTsC9048sDNU9WmmmNcIcmjDA%3D%3D%7Ctkp%3ABk9SR4rtwNLIZg,https://i.ebayimg.com/images/g/9kwAAeSwpBNo24WR/s-l500.webp
Apple iPhone SE 1. Gen (2016) 16/32/64/128GB Fully UNLOCKED Grau/Silber/Gold/Pink,Neu (Sonstige) |,"CHF 57,34",aus China,"+CHF 6,45 Versand",https://www.ebay.ch/itm/127130740616?_skw=Apple+iPhone&itmmeta=01K92JG62WC7EME45TQ521MWJJ&hash=item1d99952788:g:JbYAAOSwPMZmgreM&itmprp=enc%3AAQAKAAAA8FkggFvd1GGDu0w3yXCmi1cNF%2FA8zr50xB2lLNLb85e7m6rIhioxDwwU8AhgXEiVrc1WeSY9H8wxkG%2FZMRZpP3vJTmHF87TPKBEh2MVL7F5EVpC8B8FzJZRuPHaPU9ncrHIZAq2qdnCgdl508xVpyeVslcNasruARd76f%2F6fNFwXiP29O4%2Be32%2Ft6dNnpCXkxFnqHurw0HQQi8XeF7pRUul8DzU1jqSNXGL%2BW4%2BhPHlX4H9wRs0VEaAEsPxLOYxpPDoXrVtPiY%2FbpVf7BrGihuAkZuYjAsvFm0ET8Y40dQEmMdGBZKLCddDA%2B3T0VhHo%2BA%3D%3D%7Ctkp%3ABk9SR4rtwNLIZg,https://i.ebayimg.com/images/g/JbYAAOSwPMZmgreM/s-l500.webp
Funktioniert gut Apple iPhone 5 5c 5s 8/16/32/64GB alle Farben komplett entsperrt gut!!,Neu (Sonstige) |,"CHF 25,12",aus China,"+CHF 5,41 Versand",https://www.ebay.ch/itm/126435608547?_skw=Apple+iPhone&itmmeta=01K92JG62WR09XTBXZEKHWYTMZ&hash=item1d702647e3:g:ugYAAOSwywhmIh~~&itmprp=enc%3AAQAKAAAA8FkggFvd1GGDu0w3yXCmi1exg33UHm%2F0BBrvz33WAUMfl0bRB2TSCXvSL8amVRYgJ9IXg28CIDe8IawCpyd5VdSJNkNYdb8ux58MRxTzczga6r8z2rMjglF2Q7mQi7Zw365nyjAvN7FaXGPihZBRfeAFP08OE4XPFdMZUcn8Zc3XDrWEYNAVdHzUzceN3aJvOYmKx%2BKU%2BHhi23eKf0ryFXTHFUcjgRB0RyhmVzxfP7NSHIFxgeu86up3HVUKX3lHJRiF7Qu%2FGwT0yqJo1RPq5uKbW3vrXjksjkXB9E6b%2FLvD1wtHUe66BRaEstmthT%2FcJw%3D%3D%7Ctkp%3ABk9SR4rtwNLIZg,https://i.ebayimg.com/images/g/ugYAAOSwywhmIh~~/s-l500.webp
Original Apple iPhone 1. Gen 2G UNLOCKED 4/8/16GB iOS 1.0 Getestet Gut Posten,Gebraucht |,"CHF 82,63",aus China,"+CHF 1,74 Versand",https://www.ebay.ch/itm/197109365560?_skw=Apple+iPhone&itmmeta=01K92JG62W4P4D9T38F1TPYPKQ&hash=item2de4a23b38:g:iysAAOSwaSJn1NYn&itmprp=enc%3AAQAKAAAA8FkggFvd1GGDu0w3yXCmi1dSCKnOxeAIaVkzdCOwciwURIz7q2vyTI1t2be0n3HQDTK44fyS%2B8LL6wlU04AkgKkoNMz02yvNUYDN08751wbgMR2v2AZzZft32h%2FBq5KglAKQ4kS2QZaJWLCp%2FjotTe7T92f7yoHvVx6ttGKSwzzPburB%2F4NSNbP9tWIc9mfgrL%2BB0u8B68clHo4JPEJOIWjseAYNkuOuIPK5VvfV7cFEgOirSzyqtGcqptJDsXkltrrJn16xOwEVm5sC1hGcDIMBd9QziYTfiloRAVBv1LQlppMVxbNhwK72ndlt2e04UA%3D%3D%7Ctkp%3ABk9SR4rtwNLIZg,https://i.ebayimg.com/images/g/iysAAOSwaSJn1NYn/s-l500.webp
Apple iPhone 5 A1429 16gb Nero Black 3111,Gebraucht |,"CHF 19,97",aus Italien,"+CHF 20,06 Versand",https://www.ebay.ch/itm/226926668967?_skw=Apple+iPhone&itmmeta=01K92JG62WRYPGMVBVKXXFNXMV&hash=item34d5e22ca7:g:NCUAAeSw8GlootcO&itmprp=enc%3AAQAKAAAA8FkggFvd1GGDu0w3yXCmi1f20AinsizbQ1h54YE7q1PlxLdbmYiZeN5gxLoG9i5hIUeoJOg4KrV9gTCVtCV74nbG07ijz6yI0YphlMD1kOFECwPaODlDDm5aAqjDgAaN5u22Tf%2Fp3jZQSU9jPJcK1Dn7%2FBjQZHSYVNLpPmFuS7osL3kWi9ohBIxY0KqY1aAed4KPhHrFscfKD4AEJ5xcntE3FNWOEs8%2BRjT6F219yF3iRfzb1xYcB0iSlJ%2BZPS1UZOYZkJtRVAQugjvmA9mXBkg7Ed4QBhOPWVnR5i7anhp5%2B2a%2Bksdvzfu77TWXHQDAhw%3D%3D%7Ctkp%3ABk9SR4rtwNLIZg,https://i.ebayimg.com/images/g/NCUAAeSw8GlootcO/s-l500.webp
Apple iPhone 12 Pro Max - 128GB - Argento (Sbloccato),Gebraucht |,"CHF 275,95",aus Italien,"+CHF 20,07 Versand",https://www.ebay.ch/itm/389168411953?_skw=Apple+iPhone&itmmeta=01K92JG62X9KWRYB5X1FFH7QYT&hash=item5a9c3eb531:g:XgAAAeSwbGRpBPTi&itmprp=enc%3AAQAKAAAA8FkggFvd1GGDu0w3yXCmi1e%2BgzKQbXYDndUSiGcTOeVAlOxyI0RoXMSPNH9nUHRb%2BrFT3OYjBkIf1NBKr19pMbZEiJQod2ecM1nmM%2FRL8n4hFxTAydP6J57gy2c4oTHZXYb1JaYofJxrb7n5lNsKnFYheBE1d0A7tT1Xlb9lsfAkvy4%2BivCAnFjsb%2B1rj5JsgBTLpRboGcrDOZQNQXRXZxSo7YPmruv4hdu7EGE6tMlJP%2B8nndEq2KbQe4wP6WUmYMMQgdkM9sov7o%2FWWLo3mWT2z8Ua4yROc8kvpB9JU2qwP28cR54CmZW3edsudehSLA%3D%3D%7Ctkp%3ABFBMiu3A0shm,https://i.ebayimg.com/images/g/XgAAAeSwbGRpBPTi/s-l500.webp
Apple iPhone 12 ‚úì64GB ‚úì128GB ‚úì256GB Alle Farben ‚úìWie Neu ‚úì100% Batterie ‚úìMit OVP,‚úÖSCHNELLLADEGER√ÑT ‚úÖ12 MONATE GARANTIE‚úÖ30 TAGE  R√úCKGABE,"CHF 280,96",aus Deutschland,"+CHF 7,01 Versand",https://www.ebay.ch/itm/226824766559?_skw=Apple+iPhone&itmmeta=01K92JG62XXZK6EBSVHPWEKM0Q&hash=item34cfcf445f:g:wD4AAeSwXbRokknm&itmprp=enc%3AAQAKAAAA8FkggFvd1GGDu0w3yXCmi1fO84KNqzNxMiKqx7a3fPXZaThCIZZ%2F7MvCuOMoGeNgoLxzWIrt%2BM3surzhfdT%2B%2BlUHk8UhSEIUKufRGMDm30G33L1I74GUzkBTKJqctrJe2dk2A41YIhNcSWcNRrD9p9A34ry2V6b%2FtLmoiux6kobUt9zF%2FSBmNPIzy8koUEI5UoktFmj0s12GtIS%2BQuGnRjs%2F0qYdnGJkSvMsDsPiKrafuWpCCfzArO4bwv%2FFtg0QUg0MxBN6S8xUI9LRMfyeXJDrW9nFArxNW5EtinXY5FUdB6JSW4kuYHL68%2BYsixmVjQ%3D%3D%7Ctkp%3ABFBMiu3A0shm,https://i.ebayimg.com/images/g/wD4AAeSwXbRokknm/s-l500.webp
Apple iPhone XR 64GB RED ‚Äì Ottime condizioni ‚Äì Batteria 76% ‚Äì Solo scatola,Gebraucht |,"CHF 90,21",aus Italien,"+CHF 15,05 Versand",https://www.ebay.ch/itm/317387032746?_skw=Apple+iPhone&itmmeta=01K92JG62XNB2X61JEZ31BAVM6&hash=item49e5bdc8aa:g:g5oAAeSw~fJo5l2a&itmprp=enc%3AAQAKAAAA0FkggFvd1GGDu0w3yXCmi1eq4hJUDNvVw50f9ajLuV5VoLXv%2F5BKh7pXnPnaUqbLgPrMcscSaHyPUWqupZaf93vYFJ%2FDW6jVptssZBS6FX6HZenO7IsLZ7tAfVtMN2ikzkyAHcd341%2BwcVDaqTaZatO8mHkuz9tyXDAHrh1xx09Y54tWEiSm5xcfBEpyYdgBqo3Am7X5aTlMtCdrn1ShQgWkp0wJ63JR1%2BfS1C4hvAdXxiCRjZiSi9%2BsOiT9YKtMxjf5W21LDMsabEl4oO%2BmCg8%3D%7Ctkp%3ABk9SR4ztwNLIZg,https://i.ebayimg.com/images/g/g5oAAeSw~fJo5l2a/s-l500.webp
Neues Angebot Apple iPhone 11 128GB Gr√ºn inkl. Silikon & Schutzglas,Gebraucht |,"CHF 156,34",aus Deutschland,"+CHF 10,03 Versand",https://www.ebay.ch/itm/167900357100?_skw=Apple+iPhone&itmmeta=01K92JG62XXEB9GT72NKD36FCG&hash=item2717a421ec:g:bHYAAeSwjTVpB3Nc&itmprp=enc%3AAQAKAAAA8FkggFvd1GGDu0w3yXCmi1futJvYSJtAkHbl0sOQ2qR7Pfgo2%2B%2F5pcdwSdfiGsew4iFXt9NxrUtHF8x8pPiT%2B%2BEQB%2F9nRUDYyMIy8uJOcMNX2MpsOtNHcNAsglrXDj97bNTX7wEQcgVHkqEPkNTtyjNccOtPq%2BaAcu0A6lcasSK4tUtfQTN3s%2BnZyNnSPaBjyGJGb2yFKfmVxuPqXX9DCLxl8%2BMi06PY7EYcKGGszn3QhmNGIgdskjXSk4H85H9XWIZV1dMljUvvKAgHmnLuoMARHssV1Ezv5Tpp7xIZoV5W0rsjvuxSxNIFJhTLisP1nw%3D%3D%7Ctkp%3ABk9SR4ztwNLIZg,https://i.ebayimg.com/images/g/bHYAAeSwjTVpB3Nc/s-l500.webp
"Apple iPhone 14 Pro Max 256GB entsperrt 6,7"" - (Deep Purple) A2651 mit Garantie",Refurbished |,"CHF 430,54",aus Vereinigte Staaten von Amerika,"+CHF 127,63 Versand",https://www.ebay.ch/itm/146822590886?_skw=Apple+iPhone&itmmeta=01K92JG62X1RR04EX7BZ32XC5Z&hash=item222f4ef1a6:g:SE8AAeSwrElowHMR&itmprp=enc%3AAQAKAAAA8FkggFvd1GGDu0w3yXCmi1dr5dtASqZIiH3ZpZf%2FnXkHohOdSlQoB5fWMl6Qhu8lfkWP8xSiDlcx4jip6rNyfCmv%2FzAwXrXIILpV5dRtXHpeLMXZjQnxcyiDe%2FzfuMLqmrL%2Ff8tJlYM2RyqDS51W6tJMAQfknIVjg0aNHFpyJG8aSgPcF5QGwdwy1p%2BbxRma0iDn18xK42gWlEWjvNYGtnUyKdvuM%2BXS1EQ0bfYpOSqGr4lKPoFng04Tpj%2BrBfFrBhFJMZYa7Nw2Xhk9eu0Izshvw41IlLZHdy6ytG%2Bu71y%2BJmBdVeFiwBGnalmc5M8jFw%3D%3D%7Ctkp%3ABk9SR4ztwNLIZg,https://i.ebayimg.com/images/g/SE8AAeSwrElowHMR/s-l500.webp
Neues Angebot Apple Iphone 14 plus 128gb Blue Unlocked üîã86% Work Perfect‚úÖ ALL Parts ORIGINAL‚úÖ,Gebraucht |,"CHF 351,21",aus Litauen,Kostenloser Versand,https://www.ebay.ch/itm/205821514329?_skw=Apple+iPhone&itmmeta=01K92JG62XXXKWC990HQTGPCYY&hash=item2febeb1259:g:QZkAAeSw-W5obleV&itmprp=enc%3AAQAKAAAA8FkggFvd1GGDu0w3yXCmi1fiJQ0YummjZeiUUnrbpg%2BSq6O6o0E1VBcNm0TsF1Ilj4k9E01QRxLdl%2FvNniWxcNcE0LzDopQJZBPavhEt3rcqes8nihIV6lrqPvsxhahhKgkG6AnnOyVLCLhXwl1O6FAsKUaDkL725mydzzm%2F6IpP99LfloU1hnioy3Rn1Qz8KfjQJd1k5orzzBsB%2FDWhx4D34cjnFWJSL%2BIOAmnsBnD0yJn5ZVp98OJ4%2FqdKiDq36Masb06Hb9y4ZyPHjRtPu7%2B5jBda31FASfSDWZxkLoxAqa1NkKHmN2nil92s9%2FuMSA%3D%3D%7Ctkp%3ABk9SR4ztwNLIZg,https://i.ebayimg.com/images/g/QZkAAeSw-W5obleV/s-l500.webp
Apple iPhone 6s Plus 32GB ‚Äì Good Condition ‚Äì Works Perfectly,Gebraucht |,"CHF 15,52",aus Kanada,"+CHF 50,96 Versand",https://www.ebay.ch/itm/236425288700?_skw=Apple+iPhone&itmmeta=01K92JG62X8WVEAG1W66HWRNK2&hash=item370c0b9bfc:g:6AIAAeSwdjNo-~qZ&itmprp=enc%3AAQAKAAAA8FkggFvd1GGDu0w3yXCmi1cGWhkFVxS6AmdFg8LC%2BwNRUXksQFpgJbnBw09%2BYdZsh50X65DC2BubhokG4J%2FkVVroEXiz1HLxY4Nevx8YHst8YubASIZIpJ1iTGfJh1iUJPgbgV063YainxKUvFS6K6ZdngCDhAuaXF2%2BbdIzDcQ8MNuAWBPemqX9o%2BjM90QEoyog3ehplxRusU1B6ngCHHZLGiHXqDEPdxlRFR%2BRNWoV3C1Oh0DkBWn0fC2yVeZB%2FICovTorM%2BhUDdyKrr0fvSKso0n3Mz2IzwSA186frbuooHw2EJvusoQHhdm44d%2B%2Bsg%3D%3D%7Ctkp%3ABk9SR4ztwNLIZg,https://i.ebayimg.com/images/g/6AIAAeSwdjNo-~qZ/s-l500.webp
‚úÖ APPLE IPHONE 13 128GB üí• NERO üíØ ‚úÖ 12 MESI DI GARANZIAüíØ,Gebraucht |,"CHF 285,98",aus Italien,"+CHF 9,93 Versand",https://www.ebay.ch/itm/376206515505?_skw=Apple+iPhone&itmmeta=01K92JG62XHK4RJ566Y0XB3NP9&hash=item5797a7dd31:g:7JgAAeSwoHdoD48w&itmprp=enc%3AAQAKAAAA0FkggFvd1GGDu0w3yXCmi1cP%2BjIWauH%2FhrZDLlP7scP%2BSOHsNGKTRv9QEyMKTogXBEiNUtGW0jS%2Bw4cejpmfc24VFGxx%2FRhIJovNsazFJPBPfSkwvuqKWIUHmdm6Q8Ec%2FqBHzXu%2FGmpaHnt%2FbkBqJqJZ9RlCF73A6%2Flm9SUaIV3ZboFlkOoc8%2BreT1fC38kmTGb5FzGFmkfXqmcRSDru0euQ1oPYML1bNJ%2B0%2BT52p920cnShi%2F6LRxF3JRDiAEA1kNk8Q2zr%2FrfhEpa3OR80Q1U%3D%7Ctkp%3ABk9SR4ztwNLIZg,https://i.ebayimg.com/images/g/7JgAAeSwoHdoD48w/s-l500.webp
Apple iPhone 15 Pro - 256GB - Titan Schwarz (Ohne Simlock),Gebraucht |,"CHF 302,62",aus √ñsterreich,"+ CHF 24,51 MwSt.",https://www.ebay.ch/itm/326837632600?_skw=Apple+iPhone&itmmeta=01K92JG62XCXV9YA03D0HH5SMN&hash=item4c190a7e58:g:oXMAAeSwcUBo9csX&itmprp=enc%3AAQAKAAAA8FkggFvd1GGDu0w3yXCmi1eRiTvaUaQn6lW6i3tANTpZjYNXoPa%2FJpwCCDiJsLtBQpp0J3MwSJob9RGjAS0c3zN90Y8EfxYCslw%2BE4OzRsWtcbsR2n3YBaxtXIXwHK5mnK%2FIzSViwsYXPdqAt6nObmur3Yi3mQo9u%2FufRVIXg77E%2BNcwPJzhmNRCBoLoSR%2F44nPVjJSEywmbCLineGpYxE5VXYdHFXhVnqMy6%2BPIT9qeZcVz57Np%2F3ifKfBOv3PCMUcfgXC8U%2FY8kNgwi9QFdYm%2FoLqGrGsBrr62o8KHyf1LF7P5PsU%2BbZuBnJ%2FrSEm6nQ%3D%3D%7Ctkp%3ABk9SR4ztwNLIZg,https://i.ebayimg.com/images/g/oXMAAeSwcUBo9csX/s-l500.webp
‚úÖ APPLE IPHONE 13 128GB üí• NEROüíØ ‚úÖ12 MESI DI GARANZIAüíØ üí•OTTIMOüí•,Gebraucht |,"CHF 301,03",aus Italien,"+CHF 9,93 Versand",https://www.ebay.ch/itm/376218706160?_skw=Apple+iPhone&itmmeta=01K92JG62X4YTPX1ZVS9D26DPQ&hash=item579861e0f0:g:PzIAAeSwCEVoFfH0&itmprp=enc%3AAQAKAAAA8FkggFvd1GGDu0w3yXCmi1cPZYsMnDZMYPCYcQdj64qjCt9%2FQdOyQwCopxlbY%2BIWTq55ZAtA0uk%2Br%2FCUCeJahnoccxsDB4IpM0cr01xkFVKMg7jr4qXYEA8yZ%2FAs0SCMQh5ERibVlKorDZd0bMai4AfWlakBTsjJEhAN6fl%2F8miWFKpGc9qupJIAEKYtZXbT6XpB0PteGBV8eM%2BSTbCF6Rc5Aauxr%2B0MoVQOYmiQZegZPPpjvjeLi9ageKlVkLXLfRYHQIUjxxykzbKHNgEcTZ9Kmk%2Fwki5VD%2FDR3c7%2FoFeJBuO2M2x5MoQGIrtUFUJsww%3D%3D%7Ctkp%3ABk9SR4ztwNLIZg,https://i.ebayimg.com/images/g/PzIAAeSwCEVoFfH0/s-l500.webp
Apple iPhone SE 64GB - TOP Zustand - frei f√ºr alle Netze - gepr√ºft - Simlockfrei,Gebraucht |,"CHF 37,86",aus Deutschland,"+CHF 5,90 Versand",https://www.ebay.ch/itm/267313304027?_skw=Apple+iPhone&itmmeta=01K92JG62XSKCSS0SHKRGK2MRP&hash=item3e3d1d51db:g:dzUAAOSwz~JnZ1j-&itmprp=enc%3AAQAKAAAA8FkggFvd1GGDu0w3yXCmi1ca2qDb23sS3ksI19O2Gb4xEnIfRSowjCQpBT%2B%2FAGwYOdi4CylGnWrpwK6NKXqW03XpTs6enn%2BMrYBBcB63pxDWqDpDFoIp%2BPh2mDWtcatLmNdnpAO7XrEJzwm6dFeBPx54x0ES77%2BHrCtMC%2F5F1n%2B%2FRLXEwTPgq3GhiBxsxjeMR7lz8iUExZaAk4cSAsb99qWvaGNVquleMVcyMzs%2FtJIgUPun3J6aSL0fyo9YozzOSW7nRI45vFnPY6r3RK8VaozC80m1txlGQ%2FPIUEpzrapbniI6uNCvL6r2ZLuokt4eWg%3D%3D%7Ctkp%3ABk9SR4ztwNLIZg,https://i.ebayimg.com/images/g/dzUAAOSwz~JnZ1j-/s-l500.webp
‚úÖ APPLE IPHONE 13 128GB üí• VERDEüíØ ‚úÖ12 MESI DI GARANZIAüíØ üí•OTTIMOüí•,Gebraucht |,"CHF 301,03",aus Italien,"+CHF 9,93 Versand",https://www.ebay.ch/itm/376216587505?_skw=Apple+iPhone&itmmeta=01K92JG62XJN2BDKN53TKVFMGB&hash=item5798418cf1:g:JqYAAeSwE0loFMSg&itmprp=enc%3AAQAKAAAA8FkggFvd1GGDu0w3yXCmi1cNb8Bn6Q%2FcQhYr%2FqmOLYpj7cT9%2BBmS%2B9dK3kpTMOqUy4%2BA7zTIo6Z2X9ag13nv7%2FkC7HAVRqaLREj1i9UWzUi13AK%2Bf8aGM7hF7jnJwGFYqACq5%2BqrIgXRBtCRqFnOh3NgPab6%2FBLZfDv2e1PncSYSAG%2Fk3fKVM2aAGCdStBlb78Sd58p%2FVmdQas1X8uJf%2FhnPYqLO%2B%2FxrC%2BEcozeTsLhlnHA9SPaALdfKMBX7XSF5Jv9fffPSUBBlPD5co23D5dx9iriNU%2B5rq%2BB%2FMtXpZd2VKIqi3Xi1iqKY52tl%2BHhiiw%3D%3D%7Ctkp%3ABk9SR4ztwNLIZg,https://i.ebayimg.com/images/g/JqYAAeSwE0loFMSg/s-l500.webp
Neues Angebot Apple iPhone 13 mini 128GB white Smartphone ohne Simlock Sehr Gut - Refurbished,Refurbished |,"CHF 275,95",aus Belgien,"+CHF 12,04 Versand",https://www.ebay.ch/itm/187704081982?_skw=Apple+iPhone&itmmeta=01K92JG62XJ7922QJJJK0J8YV4&hash=item2bb408fe3e:g:kZUAAeSwPbdpBwSm&itmprp=enc%3AAQAKAAAA8FkggFvd1GGDu0w3yXCmi1duzHcQa2agwZ8Q1y8kzFFK18KpUOuAoHD84swZJLD5QPcz7PuIce6dwsZ1y4iCZ2srqcPp%2BYmMISWTULvzLTqMFccRvWOeDE85QZQzwzRPyXfGbaSIT%2F0HUYO4%2FzLdyVm%2B1tH2v599cj2Achh2N%2FxZ3fzMQltqPF%2BIgcQkTK8%2FYCjFOQq%2FmlE%2BJCYqgLFgklbgtXdzV7BjPxpLypSuPGyVufPRm82xWsMaWTgf96raXMt8j5tBP9z%2FI0e3qc9VheLqTfQkKXwI6WPydrX85XpH19zNMAVmdnG4R0AaMOQIHw%3D%3D%7Ctkp%3ABk9SR4ztwNLIZg,https://i.ebayimg.com/images/g/kZUAAeSwPbdpBwSm/s-l500.webp
Guter Zustand Apple iPhone 4s 8-16-32-64GB schwarz/wei√ü Fabrik entsperrt funktioniert,Gebraucht |,"CHF 27,82",aus China,"+CHF 1,74 Versand",https://www.ebay.ch/itm/197100947349?_skw=Apple+iPhone&itmmeta=01K92JG62XPYXNQVKSN02TZR4F&hash=item2de421c795:g:pa4AAOSw5ddn0YDT&itmprp=enc%3AAQAKAAAA0FkggFvd1GGDu0w3yXCmi1cwsfFU6SuswsS3V2bNmnMW3cWzGwoMYyKBDFeO1b6x0UAxsx6QLZnYkPT3pWINMZjPtY7c8CpNp1SNJ2aqO1m5PKQhfZq1FIDTQopJd7r4TVE063%2Bhq7Id8Iaw8j7Xy%2F3BsbC2VTMjjZHUzHy4ESdmGjKDROIwtAemHjJnApnK3RSiWYYs1FZQH8kv5POIbJRmcATIWYoeWvoCSIxxgq6IMMNXPAQ8zYOfUASTgzzAqOjUvVV%2BxAPHM9cPy9LKH7s%3D%7Ctkp%3ABk9SR4ztwNLIZg,https://i.ebayimg.com/images/g/pa4AAOSw5ddn0YDT/s-l500.webp
original Apple iPhone 5s 16GB ohne Fingerabdr√ºcke entsperrt 4G Smartphone,Gebraucht |,"CHF 25,99",aus China,"+CHF 1,74 Versand",https://www.ebay.ch/itm/396384522534?_skw=Apple+iPhone&itmmeta=01K92JG62XM9NFEBH80XGPBER5&hash=item5c4a5bd126:g:DmkAAOSwNlFn6meo&itmprp=enc%3AAQAKAAAA0FkggFvd1GGDu0w3yXCmi1dpVtkxa44jYt9v1Ivsd5FI8Po0f6bdWcsKhBER4yhgNqG%2FPcpDaQRPWK0muwUew6UEjfGJItjFwCUrgcykyR8cleKBbjNeqgTv3gTOO4r9sKET%2B1YOKoULtK3Qs%2BcbN7KWPWiavLizW4Xt2pZXkOmtP%2FWNWAL%2BVD0xllJaebera5R4sTUbZyEjLLdAYEf9cIIKgJmDxMoIUDcP2ZSwgWuU0Ykzm0Gf64K16y2ykIaQGnhYoXCLzjsvSxHDLstUUek%3D%7Ctkp%3ABk9SR47twNLIZg,https://i.ebayimg.com/images/g/DmkAAOSwNlFn6meo/s-l500.webp
Apple iPhone 5C 32gb A1532 Rosso Rosa Corallo Pink 3407 LEGGERE DESCRIZIONE,Gebraucht |,"CHF 19,07",aus Italien,"+CHF 20,06 Versand",https://www.ebay.ch/itm/226963620718?_skw=Apple+iPhone&itmmeta=01K92JG62XDYVA3M5PFA4DDCN2&hash=item34d816036e:g:pr0AAeSwFD9ovntt&itmprp=enc%3AAQAKAAAA0FkggFvd1GGDu0w3yXCmi1fnbLf8YRPD3tTuG9cSWAek%2B6NouYe4qB4TfmyCCZB1PHNt0DSNBQ45NGPhkalzqrzuWrWrzPZMYs2jpD873IGy1wZy23LjHF5xb9%2BVUUN57Z27yYT0fjL5LHL%2B3S5WorKly0FDi3o5zcXYyKGk7V0az4gVrRMPkS9K8X7U49L1w%2BkxhywftRg5L2bAM%2BJTpi5ZtNp3nyZ4tH9KyZC3hc2dzOBBK%2FJIpIu4eXcaTRXkHY7i0MCcj5EQ0yuNPPOKX8Y%3D%7Ctkp%3ABk9SR47twNLIZg,https://i.ebayimg.com/images/g/pr0AAeSwFD9ovntt/s-l500.webp
Apple iPhone XS 64GB - Ohne Vertrag - Ohne Simlock - Smartphone - Handy - WOW,BLITZVERSAND - EBAY GARANTIE - FACHH√ÑNDLER - WOW,"CHF 126,40",aus Deutschland,"+CHF 12,64 Versand",https://www.ebay.ch/itm/333157892696?_skw=Apple+iPhone&itmmeta=01K92JG62XF9BJ8X1KXNJJ9TZT&hash=item4d91c20258:g:9PMAAOSwp2pgCBw1&itmprp=enc%3AAQAKAAAA8FkggFvd1GGDu0w3yXCmi1cmRJVvwje7EjaGMmLXCVFF2DZq00i0UbAlIfV8bdfsD227PPDSYB%2B82YdbogH40eUWoAH%2F6aR0b8cZpmEk15NNabLfQmw8H7v0I5l6sx3PtII%2FDo144yZY3OG9qPaJuLdBPBwFvc9xTCmto2pw9ego%2BT8%2BUhGlvkdpVCIf1Wa2HeH3pATlC4a0YC%2FRSgg%2BIW0k1azxqT1lQR%2BTTvddrLQTSPywWrgAnd%2F%2BiUEMy5KlcEwKT0Yn2PTKZYWGCUbhjTiksMO6sTSkXMGNH9beJhbtMzcNpnUY2n3SFY9%2FkBmE4Q%3D%3D%7Ctkp%3ABk9SR47twNLIZg,https://i.ebayimg.com/images/g/9PMAAOSwp2pgCBw1/s-l500.webp
"Apple iPhone 12 128 Go NOIR - 5G 6,1""- Double Sim Desimlock√© - Ouvert Etat Neuf",Neu (Sonstige) |,"CHF 296,02",aus Frankreich,"+CHF 15,95 Versand",https://www.ebay.ch/itm/205399703414?_skw=Apple+iPhone&itmmeta=01K92JG62XGNCQBRWCBZV59ZM9&hash=item2fd2c6bf76:g:unYAAOSwwF1n8hRb&itmprp=enc%3AAQAKAAAA8FkggFvd1GGDu0w3yXCmi1c4dZPWWOdgXHfttpLPpsLTyWXJCbUCsmHLEUA8uuvIAuU50A2hzWmVetYSpLHCXerggeyrVXrrEVQIyX7x1USQc9ioHw6akk3q6uRRcsg03svPmJa9VfdeGHm6RLKTWYC0%2FWB0fQ8rh21Bx0Zd52g9v9iQQUoPBD42n%2FyYLW%2F6bUs7%2B7Ha5wUXTXhknH8NxUH9Y8dCOVZK8W%2FeCqEGkc5QPUXWK39gJR3BJ%2Bx%2BUeVdH0yugRRMc1efQ3iYs1KaEVp8Lys4ZXzuwjmg5ljMPvgA9MaAC0cAAzcNS3%2Bpx6NZvA%3D%3D%7Ctkp%3ABk9SR47twNLIZg,https://i.ebayimg.com/images/g/unYAAOSwwF1n8hRb/s-l500.webp
Apple iPhone 8+ Plus 64GB 128GB 256GB alle Farben ENTSPERRT Sehr Guter Zustand,3 Monate Garantie | Tracked 24 | Gute Akkulaufzeit,"CHF 108,66",aus Gro√übritannien,"+CHF 34,32 Versand",https://www.ebay.ch/itm/166427871919?_skw=Apple+iPhone&itmmeta=01K92JG62XSBEA46PTR3JSZD2R&hash=item26bfdfcaaf:g:h6UAAOSwDXxlTSJx&itmprp=enc%3AAQAKAAAA0FkggFvd1GGDu0w3yXCmi1dabf3jLR%2F7ImAfWU6bEc2Jm35GigGKoCaWP6Hk8BWdIWyKT01faVh0kAeQQPG0WBCTahGYQb2%2FDHCt0CwDrzLH45CkPYdbe0CZ4gXdTGllyNUkzAMAUWmVEOOqTvU0hG%2BH7TBwXjhFG9UexbI2grGDZ%2Fnf3Omj5fnQJyeK2qRAt4a98%2BDY15qsCpcxdDLL1KyF90cf54eVXa09l4c5gsUK17H9Lx2nQtBzFmYwD5Z7gguL4MpSPt%2BQGlK%2BWGeVwXQ%3D%7Ctkp%3ABk9SR47twNLIZg,https://i.ebayimg.com/images/g/h6UAAOSwDXxlTSJx/s-l500.webp
Neues Angebot Apple iPhone 15 Pro - 512GB - Titanio Naturale,Gebraucht |,"CHF 762,63",aus Italien,"+CHF 50,17 Versand",https://www.ebay.ch/itm/116857957066?_skw=Apple+iPhone&itmmeta=01K92JG62X6BNJNZJHQ1CBQTW9&hash=item1b3546eaca:g:hGMAAeSwS~JpB3C1&itmprp=enc%3AAQAKAAAA8FkggFvd1GGDu0w3yXCmi1d3RV%2BVvqD4OBK19S0AygmKbb%2F95wrDifuXRd9ZbUdcWlRyhmG%2FiQaw7kTe7RVRAzzRkP0UPs1cXVyEf0Y%2FWNB%2BWVCOX9zEv0w9LQZKIAODAqZpYcQ%2BaxA8Rc4ZKeA8I28EVZR7%2Fy%2F3oNZcvD4eCeFYzgG5aoLovRwCgp14LBK7o%2FtMIvXPUs5B0AIRISWbz3hU8Q2i9U14mR%2FTtIkyyLzsFbPcTNbj8qiD11X5mZUbtn4ntohQLNftu4Xgbf0sNVVym2LpT45d7l%2BH--2%2FEe1eGOyoGC19Di7b8KiGs3OuKQ%3D%3D%7Ctkp%3ABk9SR47twNLIZg,https://i.ebayimg.com/images/g/hGMAAeSwS~JpB3C1/s-l500.webp
Apple iPhone 12 Mini ‚úì64GB ‚úì128GB ‚úì256GB ‚úìAlle Farben ‚úìWie Neu 100% Batterie,‚úÖSCHNELLLADEGER√ÑT ‚úÖ12 MONATE GARANTIE‚úÖ30 TAGE  R√úCKGABE,"CHF 270,92",aus Deutschland,"+CHF 7,01 Versand",https://www.ebay.ch/itm/227049138419?_skw=Apple+iPhone&itmmeta=01K92JG62X8V73N1GR91TREFBY&hash=item34dd2ee8f3:g:NlQAAeSw6ENpAjMD&itmprp=enc%3AAQAKAAAA8FkggFvd1GGDu0w3yXCmi1dbM%2BluNyqON697xcN4NGvfpOvCNrh7lxkozvlh79f%2FqLX%2B59hTREtO9y%2B7wmd3%2FUNU5oD%2Fe0YAWW2YM00rzFiAVX%2FK122mSUFvv8m89K6lvUVkICLWjJdkqeAoo8uqkKlLmeKC2mhiJIJ0o9VVNcpZHDbj11lr7hdP937wPbwt%2F6vvNkRl0%2BLfMO2lUjbY2nZP2eyo3S6Snz02xYFyEAoF1N2qMyK5ylnH1MMQMtRvBZKAHwEDTV7sUDJS%2FLDy2H%2FY48O0Oc9DzxP9%2BrbAfHewCcPJo8FPH3Iio9xDx13c1A%3D%3D%7Ctkp%3ABFBMju3A0shm,https://i.ebayimg.com/images/g/NlQAAeSw6ENpAjMD/s-l500.webp
Apple iPhone 13 Pro 128GB 256GB 512GB 1TB ‚úìAlle Farben ‚úìWie Neu ‚úì100% Batt,‚úÖSCHNELLLADEGER√ÑT ‚úÖ12 MONATE GARANTIE‚úÖMIT OVP,"CHF 431,48",aus Deutschland,"+CHF 7,01 Versand",https://www.ebay.ch/itm/227049260314?_skw=Apple+iPhone&itmmeta=01K92JG62XHAF1RSN9BMVN0BYY&hash=item34dd30c51a:g:dCMAAeSwXp5pAjZK&itmprp=enc%3AAQAKAAAA8FkggFvd1GGDu0w3yXCmi1exDtRZziK%2BCIgV128llgn0O9Q6xTsn829oZVcXXU4IQV3PjkKjcyU8XRPl0dOXUAmuzJl%2FkDWyPtBekuDYZEfP%2F%2BJUz3G3%2B%2FBhMD5yFMz2fElX6ZPRtKhS69IWrwopA7eTYY5EEqhyna2Rj8rX7a%2F5y6z1tOSlZCo8h%2FASfi6diBmNCbLecuAFFgQrPvVQsAf%2Bw%2BF27ezhjt5AFpR6rzlIJX8mNrJSB6fZQl7XdpIjDwHV4iSfMetYzIgZed6Ph1BrGJUde5Rbw2YKLZRZa9dFZifW8cdKT60hTTlI1dfesQ%3D%3D%7Ctkp%3ABFBMju3A0shm,https://i.ebayimg.com/images/g/dCMAAeSwXp5pAjZK/s-l500.webp
