title,price,currency,product_origin,shipping_cost,price_with_shipping,product_name,aktualitaet,link,image
Bromo Gitarre BAA2CE Appalachian Series Fichte Mahagoni inklusive Preamp & Tuner,212.4,CHF,Deutschland,23.19,235.59,Gitarre,Brandneu |,https://www.ebay.ch/itm/256879264949?_skw=Gitarre&itmmeta=01K8X38VESW6F4Y7G0C7TCA6ME&hash=item3bcf3284b5:g:aLwAAOSw~~hl4gCq&itmprp=enc%3AAQAKAAAA4FkggFvd1GGDu0w3yXCmi1fI97tiaYf6hQk0TQTA2S%2B2MTIJVRgJvP3zhIqbu2HTzqrUP1iU6JWW9NZwKJQ6WGGdJ%2F0IZgGwsmy0lTBcdwxqev7Jj%2FDnewWgzqjDOe4r5%2BRblotL1Lg42jYYsUWNeu5ZCkkbE8STpmNni8gTPfPpV5LG4URAIdBosA61zgJAQcYLWGl88sdJ5fWwFOmcR9PqoTe3rMDwrIZvGRaU4zx%2BG2hYwlNfAAxrh6Ugl0i57wnMmaHC9sAFgVcNZEbjDE4OKqkI1KzbM3h7w58dPbTo%7Ctkp%3ABFBM7rejo8dm,https://i.ebayimg.com/images/g/aLwAAOSw~~hl4gCq/s-l500.webp
4/4 Konzertgitarre natur + Gigbag Tasche schwarz Klassikgitarre mit Nylonsaiten,33.69,CHF,Deutschland,27.72,61.41,Gitarre,Brandneu |,https://www.ebay.ch/itm/196855329529?_skw=Gitarre&itmmeta=01K8X38VES3NEDYS7N74TD6B77&hash=item2dd57df2f9:g:jYEAAOSwQ-NnSHVK&itmprp=enc%3AAQAKAAAAwFkggFvd1GGDu0w3yXCmi1d%2FcJzCvUH7NVMRDoWlnXzL6O5g%2ByJ6Zc%2FG80H16JV%2FmYx3nhuVaF8Tkcbfx885FQDsrLXMW2ANMQxgan3EuQJSs9bGAR%2FEq8VQgQPpnur%2BSpXRwrKjEtlfIetQYRb86p7NPwiR%2F72JScoPKM5mD0G8UvLM3n2xUUh%2BDC1p6SkWI3G8EAcp1IG5CDuq034C4TVPTAVbj4IVbPZRtTW8%2FpSjnZEpS%2Fk4uZ8MMeBv89hVYA%3D%3D%7Ctkp%3ABk9SR-63o6PHZg,https://i.ebayimg.com/images/g/jYEAAOSwQ-NnSHVK/s-l500.webp
"E-Gitarre im Pfeildesign, verschiedene Modelle / Farben, FV5 schwarz,rot,blau",84.25,CHF,Deutschland,30.25,114.5,Gitarre,Brandneu |,https://www.ebay.ch/itm/350263678016?_skw=Gitarre&itmmeta=01K8X38VESEZ21V7Y03W6WMG4R&hash=item518d579440:g:bt4AAOSwGwlaF--O&itmprp=enc%3AAQAKAAAAwFkggFvd1GGDu0w3yXCmi1eWkXAMsxzLCx%2Fx3O39nRafCmmMq%2FjTKjgX4fGV%2F%2BiSdIErDdbN9oUjZ3dIsJL%2BI2NXUBRjoDMhrBXjMUdFpn7FkPz%2BsU3zxjchFTXP1Z8hNXm%2Fj3uk53HF%2FsB6FQFT1H%2F60VWwm7oiDJDHktU--jd2WnBUJsvNQDrbOiuPSjXB%2BzGLn4NCzOoRMz2Mt6M5ikbRBN8wo7%2FPHn%2Fs%2FQNN6ficnzJcnAVhV3TDnsghD%2FfzAw%3D%3D%7Ctkp%3ABk9SR-63o6PHZg,https://i.ebayimg.com/images/g/bt4AAOSwGwlaF--O/s-l500.webp
"MATT-SCHWARZE E-GITARRE, DESIGNKRACHER IM 45 WATT SET (GW25), Tasche, Saiten,pik",105.31,CHF,Deutschland,30.25,135.56,Gitarre,Brandneu |,https://www.ebay.ch/itm/142263292205?_skw=Gitarre&itmmeta=01K8X38VESWW1BSYZMYA3AZK8C&hash=item211f8d912d:g:VCAAAOSwcLhhXofw&itmprp=enc%3AAQAKAAAA4FkggFvd1GGDu0w3yXCmi1fLlrrcwQvxyJgstM9Vt%2B8uRgnuuDB%2B7K8qB9qdmRUZJHmjuQ8SQlV9jjwLgr%2BmfAR4N%2BVOe6p64rk7CDLh%2Fot2XcS7WlnWCzTLhRBcNkJhT5myZDU7ln582a7xTQWSUSP48V2gmNNN0FOOvqzLxzdR8U23dYc%2F5YuETWj%2FS7V%2BhL3ELEYBC9ZROXxf5At%2FM44GyLd1DYmhUrY7I2znKxGkrka7zkYDZZznAQFSo%2B7AXtVm4HQ0k49s3778jw0swtQYY3%2BtSH9W%2FjLKVJD0RUXa%7Ctkp%3ABk9SR-63o6PHZg,https://i.ebayimg.com/images/g/VCAAAOSwcLhhXofw/s-l500.webp
"Gitarre,4/4, Tasche+Band-IM SET-Kapodaster+extra Saiten+Stimmpfeife!Modell, 22",41.28,CHF,Deutschland,30.25,71.53,Gitarre,Brandneu |,https://www.ebay.ch/itm/191542499532?_skw=Gitarre&itmmeta=01K8X38VES9ZG4DPBA4FBDHFJG&hash=item2c98d298cc:g:SvsAAOSw5cNYkxtg&itmprp=enc%3AAQAKAAAA4FkggFvd1GGDu0w3yXCmi1fXiMiymglO0LjG7Ah9m2jWccIQUJ3a7IUTenKs%2BMCjYihk88GCqREnAOxYuqt4kEYEU6xFMvWvOqNXA%2Bq8UqYNmvENPu5%2BzBv3q8d25Mq70z0yP8t3IBY92Kg%2BdL1HlaE4OuqmTWQUbMYWGrHcN9s%2FscrjMeqOajxla5kL6x8Mms0P5POggMPcfokV1i6ABjuJ4%2FSFCevOLlrtQsYB1dbOGknIgbpcjDyPyuThxbdX8cWwbVeeeSy7460%2BEHEkyEmTxnhVJcCv3YF6IofLMAOk%7Ctkp%3ABk9SR-63o6PHZg,https://i.ebayimg.com/images/g/SvsAAOSw5cNYkxtg/s-l500.webp
MATT FINISH Konzertgitarre 4/4 Classic Fichte MASSIV Korpus Mahagoni HG80+Gigbag,75.82,CHF,Deutschland,27.72,103.53999999999999,Gitarre,Brandneu |,https://www.ebay.ch/itm/143438725806?_skw=Gitarre&itmmeta=01K8X38VESMPQ2DC291AX5S8MF&hash=item21659d42ae:g:jQMAAOSwYUliFfzC&itmprp=enc%3AAQAKAAAAwFkggFvd1GGDu0w3yXCmi1e8twxaQXVRbEtQdQbXgZpI%2FD2EUM5aQn%2FBGzGcZ1eDHpRocqqocZwNhkfqCuOAKTXf1Guwj6J1PDhn%2BaVX8qvyKAR23FiYKSWXM%2Bsq5gm4HkCAQGUF6kxPIDcqwnqyglPtKDsGmdVHrEaQXsJfQaS9pdNZMrN%2FOWsm%2BC6YcWomSN3Cc0PIJ4TiqXNhO%2FtwEgOryedHYjVn2PfFwPhCuaCNjRBw4tHEpLfEjoVg0UnK4g%3D%3D%7Ctkp%3ABk9SR-63o6PHZg,https://i.ebayimg.com/images/g/jQMAAOSwYUliFfzC/s-l500.webp
OPTIK ! E-GITARRE MATT LILA - PICKUP GLANZ SCHWARZ - ELEKTROGITARRE - TREMOLO -#,61.5,CHF,Deutschland,27.72,89.22,Gitarre,Brandneu |,https://www.ebay.ch/itm/192865321644?_skw=Gitarre&itmmeta=01K8X38VESF1PX8K4WF9SGNMW0&hash=item2ce7ab42ac:g:EhUAAOSwJ8lck1xJ&itmprp=enc%3AAQAKAAAA4FkggFvd1GGDu0w3yXCmi1fY43oBrA3XaHE0qPnEdzIQtjjNUXK1JbFmUrHXxgVqVptpX4nX0q2XLh3F7%2FW9r0Y6IgXFCNg9Q98w5JQ7%2BCyP0STHt07fHEwglqobVlxP6kTYGrA1BGz%2B2LS8Non2pnA8XLUKuVwW6gStg%2Bss16lFk0twli4ERBJHBZDiGX2RW7plLvANvtr5KCAdy7DV0za4EXLTC2HtVPY2q%2Fzl0HcqYWb2wc%2Bjhig1paAGqTzanEYlOGHRPv%2B9O8o2mDYwXY193sqKIAezkFS0SvFcnT7E%7Ctkp%3ABk9SR-63o6PHZg,https://i.ebayimg.com/images/g/EhUAAOSwJ8lck1xJ/s-l500.webp
Gitarre/Westerngitarre links-/lefthand 12Saiten-Tonabnehmer-natur-schwarz-EQ!n,88.46,CHF,Deutschland,30.25,118.71,Gitarre,Brandneu |,https://www.ebay.ch/itm/140624625260?_skw=Gitarre&itmmeta=01K8X38VES4HKWHJJFFX6RQQMS&hash=item20bde17e6c:g:MogAAOxyOlhS6MHJ&itmprp=enc%3AAQAKAAAA4FkggFvd1GGDu0w3yXCmi1dDLPdjujN93v1pulMQ%2B9%2F8fioD2KXs1TqXcyirvYHgJ1P%2F%2BAPosXaPxFpl2jwH4Xj6IaYl4GL%2FuMbsUT17Dg%2FeELtY2JNfAv7ILr2x0hKNxdzbWz7am6Q0VhLT3OqG6PvDJGm%2FTDm1ZEthjgH14Wk0kNSFsCI%2BQboTrSOnH05kQge1Gdwcsj1ZuhIZe%2FiVhJqUsxkRK1DH0OB%2Bfk4dX8jlFfKYMWfuFnSLfHkqvCpOd3Z0KSZgz8EEXBHHtPLIC6GisZ2XdbR%2Fe6VvwqhmeNJi%7Ctkp%3ABk9SR-63o6PHZg,https://i.ebayimg.com/images/g/MogAAOxyOlhS6MHJ/s-l500.webp
Epiphone Les Paul Tribute Vintage Sunburst E-Gitarre,475.49,CHF,Schweiz,0.0,475.49,Gitarre,,https://www.ebay.ch/itm/177495333614?_skw=Gitarre&itmmeta=01K8X38VFPB55PDS93VBZ4NE1A&hash=item29538bdaee:g:WzMAAeSwt2to8KMq&itmprp=enc%3AAQAKAAAA8FkggFvd1GGDu0w3yXCmi1f7PAm5OCKpWZvIpkPlY41aRoILmfmyhJAYVXEToEv8Dp7Gai1kaj%2FpYrHb5LEJtKyWs8OzV%2BwgLFgVFxHt1%2BaFwrHWBhe04jxLLmrZLeEG0roJiRY0Cl6S5aog1gF2q4KuMU6%2BPeIA5um2wI729Hwh0UMkLP6ujxY2aG810PxRQDFYNSGO5L4t8i215n%2FoEDOWnvKaS%2F6oND4ZPWkQjuI%2B3qfRl%2FP0H96hDK%2Fa4rq8e7zABmOtUpKJN7awBv%2Byc80Z4ahCQ9KgGfb3Y4223JCe5E2AK33cB3znzfvSgzWSzA%3D%3D%7Ctkp%3ABFBMprijo8dm,https://i.ebayimg.com/images/g/WzMAAeSwt2to8KMq/s-l500.webp
Epiphone Power Players SG Lava Red E-Gitarre,505.82,CHF,Schweiz,0.0,505.82,Gitarre,,https://www.ebay.ch/itm/177495626502?_skw=Gitarre&itmmeta=01K8X38VFP86HNJPJWQHSE2PBQ&hash=item2953905306:g:Ko4AAeSwQy5o8KLz&itmprp=enc%3AAQAKAAAA8FkggFvd1GGDu0w3yXCmi1dFVSs%2FBSuIzFs%2FKXE3XYC95%2Fkx2MGNhXMqGPDmatatoNHVDb3iWmSPwgkUumyNpMicDiKqiZG%2FJbDJctf%2B%2BZGZt5Ac7U5BU25qoSLCyx0iyJKn1%2FTENRV3OtRIB5c452I4s%2BShxReoDE7enB%2F4dOyvyTpWhbeI%2BiuFqCVvpdDtNjAoETfs3RhthXw43EiaSavaLvtQdItyfVW1dliylWL3CaGNGVEH215nV%2BCwbxdzbSbKl4NGKv8BmtkJHqdV%2FRkZpjqiKnXu3FdYNNQxdxB--jheoRodh2Nf%2FrpZDNP74g%3D%3D%7Ctkp%3ABFBMprijo8dm,https://i.ebayimg.com/images/g/Ko4AAeSwQy5o8KLz/s-l500.webp
Epiphone SG Standard E-Gitarre ungespielter Mahagoni Korpus,672.64,CHF,Schweiz,0.0,672.64,Gitarre,,https://www.ebay.ch/itm/177495333520?_skw=Gitarre&itmmeta=01K8X38VFPVTWMQ1DWYXXVMM1F&hash=item29538bda90:g:1qQAAeSw6wpo8KMu&itmprp=enc%3AAQAKAAAA8FkggFvd1GGDu0w3yXCmi1cSCnvB5PdkK%2By2wYy6aoxAJSmtywNsQTL%2BNLlmFZPZTe3zCntrCOygXkMfJAdkSDptO68cMo6V%2FLWMQJat9Sn%2FukniAqokqUZSKoJWKLWZdvbM0Tg9ftK5ew5tzCRWlOznJSq4ofzGZRcM6UYeBlTJUYWpt8jaSsxFMmm7XwpNNvUCs2I79TLC6I3XvKEzQX6JLww8PnhMJD1c%2BIjWrQ7DTpNou1%2FNdzpnEcs6U8shuY%2BjIjx%2FhUGIS5J5xvANaolAntLZFYJqinS0aQ%2FZbBh4CBEBnMWPnqtWHCsxkZIxzw%3D%3D%7Ctkp%3ABFBMprijo8dm,https://i.ebayimg.com/images/g/1qQAAeSw6wpo8KMu/s-l500.webp
Epiphone SG Tribute E-Gitarre Cherry,498.68,CHF,Schweiz,0.0,498.68,Gitarre,,https://www.ebay.ch/itm/177495481221?_skw=Gitarre&itmmeta=01K8X38VFPHW461GGBRV028CCS&hash=item29538e1b85:g:o9oAAeSwRqVo8KPf&itmprp=enc%3AAQAKAAAA8FkggFvd1GGDu0w3yXCmi1fIxFhoYQOLgB5c9X5%2BP387oO0CFC0Bw4tLO3EOUbna74tru6Et7dwNEzKalkOd76rKlsnHBIS%2BTynlwCg3dLyPmFGeksrYx7ydgREo4pzf8l7s%2FyNVec02cLTjLSXMMCbUaquGWxmls%2BNIxLIeeHlnP6ijuTMJv0FIE1TeGFuavSNob29OQLYy715Nqbidea%2B1w9GXik7j6TSBC9yF68wsxY%2F%2B3E6eeJ%2FogOGZcoby4mHW41vhhVDjZFlIOJyrXjpwsKOks5MfkAEWbTE9F%2Bwh0agssIgtfJq%2F%2B5pEpIHbjg%3D%3D%7Ctkp%3ABFBMqLijo8dm,https://i.ebayimg.com/images/g/o9oAAeSwRqVo8KPf/s-l500.webp
Epiphone SG Standard Linkshänder E-Gitarre schwarz,660.15,CHF,Schweiz,0.0,660.15,Gitarre,,https://www.ebay.ch/itm/177495450978?_skw=Gitarre&itmmeta=01K8X38VFPMT8NFYQBFCR7Z3BK&hash=item29538da562:g:JBMAAeSw23xo8KNn&itmprp=enc%3AAQAKAAAA8FkggFvd1GGDu0w3yXCmi1d3gsmSt6eribCKWh3nh8JuXjgf5HyjgR0a2IvEXGcdJj08e8P06Uu%2B1pw4uWfQW6km%2BuUiJx0JFrP9SaZ2GaJXQ3OFg8v0QEAt%2BgMkzdqshMU9KWo%2BJXEnPRVBGgqwGb5oB9cwPudFLINM8a2spGqm8PBBpI3CNuFj35QToD02r%2BoqhDgwYM5GPEnEwqGh5ASv45sE9TU2h21V7WI9dLgxik9jE%2B%2BUgLWfxLlkK8ZxxCsdKOiUBe4NEDcE9981EpryQMYkZzw49cf934NaFG%2BLYuzJ0VYTUsbilYAKhR%2F4gw%3D%3D%7Ctkp%3ABFBMqLijo8dm,https://i.ebayimg.com/images/g/JBMAAeSw23xo8KNn/s-l500.webp
Epiphone SG Special VE Vintage Edition Cherry E-Gitarre,454.08,CHF,Schweiz,0.0,454.08,Gitarre,,https://www.ebay.ch/itm/177495626299?_skw=Gitarre&itmmeta=01K8X38VFP0SFG62TGH4MPQMNA&hash=item295390523b:g:QzwAAeSwlnto8KOd&itmprp=enc%3AAQAKAAAA8FkggFvd1GGDu0w3yXCmi1fOs1meL5N6ndv9sgYaLpLIvqhr9tGthfwaPfmwve%2BZlnw8TsAfl4gsLKrV%2FIHTcKkYSWEsUjlzWf0Dn0xaNuJj5plXpoC3WJW14Qnm%2BDK%2FCkg2E1YEZJN5iTWu5dHaQWeNRGnWw2K%2F1UB65Hrmn%2FsID%2ByYWxOYoSzGCJkyLrhQQLgxpaEz4H5RB2FuXqAxgwKALd7MUmWQhCUi25fXnbXz1nE%2Fe%2FeyMmlBzH%2B51TM9Xh6NUBZwqFGzgrlsvkaa9%2FTTG3Net3w20Q7o4rM2sQGHnMe8tPORaXQv6VkdFyNt%2BA%3D%3D%7Ctkp%3ABFBMqLijo8dm,https://i.ebayimg.com/images/g/QzwAAeSwlnto8KOd/s-l500.webp
Epiphone SG Standard TV Yellow E-Gitarre Vintage Reissue,660.15,CHF,Schweiz,0.0,660.15,Gitarre,,https://www.ebay.ch/itm/177495332045?_skw=Gitarre&itmmeta=01K8X38VFPGDNMWKGCG5DEW31H&hash=item29538bd4cd:g:pFEAAeSwgfNo8KMr&itmprp=enc%3AAQAKAAAA8FkggFvd1GGDu0w3yXCmi1ePlMYUfNiQeFGGk2unyO4GgfWRIc0Ms6HMhRk3U84rSjASlqIUCYEoyPlsOGeDRWHF77IGqFVrhFQWiAEBvuceJDjWapQZiYTV1G6Jrm1iJZzRcaOoQ5B%2B0jbK8k5FfKQwzZFs%2FaV5HsfITX5xIxKxq4EMYf0aNaWSCW9RgMKbwce5HaDs7LpvodcTOZCJXliVmb8GQGiGs7xBeVYyxdmbWm4WhqmpJZtT%2F5XKfQOu%2BlrblXY7n0PipPSqBN7aCgcGCbc0TAJqACgvQw4SS670d6y1sVP2dET%2BChOpEbpubQ%3D%3D%7Ctkp%3ABFBMqLijo8dm,https://i.ebayimg.com/images/g/pFEAAeSwgfNo8KMr/s-l500.webp
Epiphone SG Special VE Vintage Edition E-Gitarre Ebony,457.65,CHF,Schweiz,0.0,457.65,Gitarre,,https://www.ebay.ch/itm/177496408931?_skw=Gitarre&itmmeta=01K8X38VFP3PQJGP3VQRT4C8F0&hash=item29539c4363:g:PtgAAeSwz~Vo8KMp&itmprp=enc%3AAQAKAAAA8FkggFvd1GGDu0w3yXCmi1c3MtqtpI7GIiCJ9%2B2kSLsqfJXLxnqCZ%2BBhynG1s475SOgSXiKEDkWtv6RNrLhHYQ6eIpC0fR9PD1RrgdTkRZ5cPJ77Z6ro%2FCN7wQDctX28SsgI3k14E0UbfxWMr4UL2Dbu1zHWjv14bmrsER3Nt%2BPxA6J8uguoCXTya2fHC%2BJHEUIcMMEoUapK1TjAgN5TuuhYLM4nivY%2BX7PqiZlLylNGh%2BRTdwcH%2Fg6XWTlMK8lQpWLLgfYysTYxvliANOAPTksbgdKOYtv2pTrxKyHCD03%2BWyiR5v9inBniH179SJiAIA%3D%3D%7Ctkp%3ABFBMqLijo8dm,https://i.ebayimg.com/images/g/PtgAAeSwz~Vo8KMp/s-l500.webp
TE T-style Thinline Gitarre Schablone templates Gitarrenbau,53.04,CHF,Deutschland,17.69,70.73,Gitarre,Neu (Sonstige) |,https://www.ebay.ch/itm/233493258694?_skw=Gitarre&itmmeta=01K8X38VESFYNJ7V918Y1EHRMC&hash=item365d4861c6:g:87gAAOSwi1ZeRCp4&itmprp=enc%3AAQAKAAAA4FkggFvd1GGDu0w3yXCmi1el9BcVWgl%2BSR9yqevqyvMRm15ZK%2FGDTvLY6xR3c59tE6cxNujVJB66dLBJJE%2FieY77ED3lzaH5vWpYznPtAbIOV%2FjoKUL6jGXCDRQ31O3xtNcxA0WejMz6iD64hKR2x%2Beo1bPWS92n5Gb6X8QXiPw0XYJtWYYXZeNxDq4cOonylUZhQxSKNEaNExhhaZzYm6Ylyuyib2PHdkVMifvIrPmYzZh%2BeLu%2BocSsNz2JOn8CiO9T8qZ0L3D%2BxZPpc02cQ5UsRDInaszZ9wCPu2vBBA0q%7Ctkp%3ABk9SR-63o6PHZg,https://i.ebayimg.com/images/g/87gAAOSwi1ZeRCp4/s-l500.webp
"ST Style HSS Gitarre Pickguard Scratch Plate, Trem Cover, Schrauben for  Strat",9.44,CHF,China,0.0,9.44,Gitarre,Brandneu |,https://www.ebay.ch/itm/112857031509?_skw=Gitarre&itmmeta=01K8X38VES93QQ3JGK31KVDG5A&hash=item1a46cda355:g:mnkAAOSwp0paokUW&itmprp=enc%3AAQAKAAAA4FkggFvd1GGDu0w3yXCmi1cZ%2FF4%2FOkh1%2F4f9OCwAnm8YzUZ5YXbjGWhDyvCLJIMvqbC%2B4SJ%2FElHbyK7m7rYWkl6HLaFxHupKJuSxEijbdzvm5iSiZe6aOL4lGAboNG%2BTWbS32dUR1Q5MPYumOXm%2Fj6OecV6AaT5E8z3QKchX3%2BqRv8uBcb3fKMQCtOHBDnzqQT4qOQbqhXh4wMaWKrIDxYl5gEeomsH4fZ%2FM1AkSVYpBpdxVsv84zhUgTay8XXlvtMMO7%2BDy8HTnAeQcwwHAwEG0fcSp%2Fp2lGgNBmEpX8Ebj%7Ctkp%3ABk9SR-63o6PHZg,https://i.ebayimg.com/images/g/mnkAAOSwp0paokUW/s-l500.webp
Positive Grid Spark MINI Schwarz Bluetooth Gitarrenverstärker NEU,138.01,CHF,Deutschland,13.82,151.82999999999998,Gitarre,Brandneu |,https://www.ebay.ch/itm/406168153687?_skw=Gitarre&itmmeta=01K8X38VESG15GN8T9V7A32M37&hash=item5e91822e57:g:ZBgAAeSwxKhosA9Z&itmprp=enc%3AAQAKAAAA4FkggFvd1GGDu0w3yXCmi1eYrI6LjQF3EW1LpKcwPxwzCg%2BWNh%2BqVvnNBREIHC9xa6bw5se8%2FpcZz7OUYT1XUYTtEm8OcycGyYrwhncot4Co2s%2Br74qgS2fJVosgRt5SkNaxz79dLI%2Buxkn%2BUbBNqVZ%2FFIYMh4dCEjwL2ma3BjHka9h9sNtYHe3xZxyBYIObpSPStV1WNye%2Fx77ZhoRXtxVThjHS5oHSsMpYfz4HEJMO6v8GYJQVegcIfucrINncQPfYMUGcHDJj9YJLvo1BDHleJpN6qEU%2FBPqkPYjD1BXI%7Ctkp%3ABk9SR-63o6PHZg,https://i.ebayimg.com/images/g/ZBgAAeSwxKhosA9Z/s-l500.webp
Aufkleber Rock 'n' Roll Gitarre Sticker Musik Rockabilly ca. 16x8 cm,3.36,CHF,Deutschland,1.6,4.96,Gitarre,Brandneu |,https://www.ebay.ch/itm/185727390274?_skw=Gitarre&itmmeta=01K8X38VETPPV5A7EFHT33387C&hash=item2b3e371242:g:yesAAOSw4pJnOeRF&itmprp=enc%3AAQAKAAAAwFkggFvd1GGDu0w3yXCmi1cQmVs5WYSBfT%2BT2ONohep01BgX1PaUx5FXngAngXiyGtrbOQQNoGNE8StvuQfdiP0MbGa6tGWUOzhxQovhUD3HqPGfjX68XQwaipnJuaYpkYiXd%2BI%2B9vw5jNfRzpn9o52cytf7yDN%2Bsxiy8wx7XeuuenOnO286ePqlU9YD1oSc04qgaBjzu7F%2BXbXp4%2FBsLWXF%2Fbp0saY30fOLLn1DkbgEfKcWuIyx2FinkzdzbxJt5Q%3D%3D%7Ctkp%3ABk9SR-63o6PHZg,https://i.ebayimg.com/images/g/yesAAOSw4pJnOeRF/s-l500.webp
"HOCHWERTIGE Konzertgitarre - Massiv - 4/4 - Classic Jose Ribera, Y-HG80 Mattlack",84.25,CHF,Deutschland,27.72,111.97,Gitarre,Brandneu |,https://www.ebay.ch/itm/140730817457?_skw=Gitarre&itmmeta=01K8X38VETXTH7ST4W2N72WSBZ&hash=item20c435dbb1:g:yaUAAOSwaYtiFLdR&itmprp=enc%3AAQAKAAAAwFkggFvd1GGDu0w3yXCmi1cyeFS%2FdsB%2FZuZTSd%2FdEtelJPQ8JZQPUqhlieRk5atH7n6ilZPWV96fPgXvtqcbahndL2%2BigRN73wu4aTo9M8TaU7x%2FIwEuUghA2aHwTXoIdR9FSzRPSIQ6Ze0kAaY10x%2BcEVyNXtFD0MtVNnJOleyF13utcjuUzfD6lSFJXRrVQKLIhIVbHP2MudHAVuxuZEg7OBdVN%2Fptf4buqGxPCNHLUppZBX6KpXxV2DYby4uhLA%3D%3D%7Ctkp%3ABk9SR-63o6PHZg,https://i.ebayimg.com/images/g/yaUAAOSwaYtiFLdR/s-l500.webp
4/4 SPRUCE FLAMENCA GUITAR Flamenca Gitarre,134.77,CHF,Deutschland,25.23,160.0,Gitarre,Brandneu |,https://www.ebay.ch/itm/226903789414?_skw=Gitarre&itmmeta=01K8X38VETBDDV5H2CK361DED6&hash=item34d4850f66:g:s70AAeSwAupo75yu&itmprp=enc%3AAQAKAAAA4FkggFvd1GGDu0w3yXCmi1cPbc6sUrXyCxgJiZJ%2F%2Bq%2BqTC4Mk8Yt9wpmbSW%2FwaosX5kVEpqG2rwG6gEgqQRAr6K9lpzaUzs94g5FhTCd38cAh3Qjtc3NsW2IL4LP4G71fGyPFcCfYxBmKoWQyTLD8jJ0JDOANkaoeHMeU78fdESxFdogZCwCCHSdX%2B0zcgxysfSjrEA0mzRgH%2B7IfbeV3zARp%2BtYCb9mDx8GP2B7I%2FcC%2FLSflzd7FHHvLb2rY93Usa6aqvBpZsxn28%2BoGHQ5XOksB0DmtqOm7aJMKRByyuhB%7Ctkp%3ABFBM7rejo8dm,https://i.ebayimg.com/images/g/s70AAeSwAupo75yu/s-l500.webp
4 Stk Elixir Akustikgitarre Saiten Phosphor Bronze 6 Saiten NANOWEB 12-53 16052,19.38,CHF,China,1.85,21.23,Gitarre,Brandneu |,https://www.ebay.ch/itm/316527793381?_skw=Gitarre&itmmeta=01K8X38VETAM6WQ227YYK0GH1G&hash=item49b286d4e5:g:zOIAAOSwi9xn3QYg&itmprp=enc%3AAQAKAAAA4FkggFvd1GGDu0w3yXCmi1dZVAM8bghmvnKUgG4AfCdkW7hDENV6cTWdBEqyeo5lvBb0qPb8JpQh2ekDcuB4%2BflfstHJciY%2FbcRtnI3%2F7ZplDCo%2Fab4BHSR5hayvj3%2FJ%2B%2BZswXygrbRr0S4ToJIhQCw6zLEg62QB5OcDihwMlmzPpz%2FhoprUAJDo96TONRtB98b8LcDGoMu4DVseriIuECOQY1xlsrjFJIrs%2BJFWpqY2m79M5fQqzC4SwGKl0ucWaMPrVJl0rm1e%2By4lXGV5dT30tDMix%2Bt3SHebZ9m4dLIa%7Ctkp%3ABFBM7rejo8dm,https://i.ebayimg.com/images/g/zOIAAOSwi9xn3QYg/s-l500.webp
Vintage 12x Gitarrensaiten Konvolut OVP Goldstück Goldfuchs Handcraft Goldbrokat,10.03,CHF,Deutschland,4.01,14.04,Gitarre,Neu (Sonstige) |,https://www.ebay.ch/itm/167806511580?_skw=Gitarre&itmmeta=01K8X38VETENK7S6C09FFNW3X2&hash=item27120c29dc:g:dUIAAeSwN~loz9XN&itmprp=enc%3AAQAKAAAA4FkggFvd1GGDu0w3yXCmi1eSxxB1FSjM2bfi1O317bcw1JQkqUje3guwQUni4c8FgnYNAcFrGy%2BBgihw%2F7asntoI0N9DJBzxqSPWpGaDCej9%2BpDH8OzDkkoiFilN7dqqNZbuL9%2BJZXvEZloaWHX2mOq9JnTYvlTXmKSsvhi5eZAjlFboWDrMJck5bbh3Lo7v2%2BM7fnsORRQ6JnVrsP7Y8UwS7uJfCEE1ZD7QxklTwm5qq9bCrdN2CCztOMyb7RnOPbVPAI45ikyOH4F0BXgavDR7lJ5BZZt9Ef0FsdnplnU9%7Ctkp%3ABFBM7rejo8dm,https://i.ebayimg.com/images/g/dUIAAeSwN~loz9XN/s-l500.webp
"SCL60 klassische Gitarre mit Fichtendecke, Farbe Natur, Linkshändermodell",93.48,CHF,Deutschland,25.23,118.71000000000001,Gitarre,Brandneu |,https://www.ebay.ch/itm/224934333043?_skw=Gitarre&itmmeta=01K8X38VETVHMAG2M2Q7WT4301&hash=item345f218a73:g:qmEAAeSwp~xo75zR&itmprp=enc%3AAQAKAAAA4FkggFvd1GGDu0w3yXCmi1fB0Y3Qv4opG%2BAdTtMDCAzLWGOsC4PDK%2Bk%2FV5U%2FMAOMN6tad0eU9nbPNFH24G0z9Uq5l%2BLAVXRhxNUYp%2BFPnjqZnAaImLrzFHmVAGnd5uwagZKoq9oVm%2FjyGvwpTPx7ZJHTy2kCFZEB96eqty9zTX0SWvKzEVyotnZWxruvMnJ0DKQTx%2FAwvwmGD8xEkhMMxl5gmQQMU4X2baeJCnU68BZYO%2F0hjjBcSodmZzUYQCcpuSuSGdvCND8zTb5QTMZneLYaUlyiweVJhAsJGVksMjbV%7Ctkp%3ABk9SR-63o6PHZg,https://i.ebayimg.com/images/g/qmEAAeSwp~xo75zR/s-l500.webp
Fender Gitarre Bass Schlüsselanhänger Key Jack Rack Verstärker Schlüsselbrett,24.97,CHF,Deutschland,6.92,31.89,Gitarre,Brandneu |,https://www.ebay.ch/itm/355485080396?_skw=Gitarre&itmmeta=01K8X38VET6Q2B95CWY4E3HDZ4&hash=item52c48fdb4c:g:1aIAAOSwqGll1-Wf&itmprp=enc%3AAQAKAAAA4FkggFvd1GGDu0w3yXCmi1c2t%2FW885IjtS59oWR5a7bkJSyTzCkgKUIiJMznvYCrQ%2BPpQ%2FDqpbtkHnpAYGhsQHFe2xh6cAFhYEBV29kyyQUnLt0QHzl6oyVU1pbn%2BL7dNtSwfUCgvALegFcRCyfFFR1z2KXl59j1H6qo3eKsfqA2ndztIcwYgcrSEyRaKNLrTYhxW3dL0Gw%2FE5REipwyFFtKvv4YOICptF0HOG4NVwydQduS%2Bcm9awkEk%2F2D6UAnt3Zg8iwr3i5m6LipDU7pbKjmVp7h9XX6wCR%2FEoV1aLFj%7Ctkp%3ABk9SR-63o6PHZg,https://i.ebayimg.com/images/g/1aIAAOSwqGll1-Wf/s-l500.webp
Kapodaster Capodaster Kapo Capo Elektro Akustik für Gitarre Guitar Clamp 7 Farbe,2.91,CHF,China,0.0,2.91,Gitarre,Brandneu |,https://www.ebay.ch/itm/254718882693?_skw=Gitarre&itmmeta=01K8X38VETXPVTDAX8FV1GKQC8&hash=item3b4e6db385:g:a5MAAOSwZd1VYsGV&itmprp=enc%3AAQAKAAAAwFkggFvd1GGDu0w3yXCmi1foTOiuA1tG2oIcJNq9g16IbucPDucNMoVnnUkpFl89UHV9B46u3v3%2BT3Yo5%2BOujwwIhkaIOhppuVVJnGZ2pEk5nCjYt8Fya8ptZ1cceWe3xhe5pEFJujvPyh5NpblzQbmyy%2FkWcvGaRFrdYcFxuSX0QwBs0FeFozVQdUAFjIhwOHao6crm3iUgnuMtykH6tqAOFW%2F0SLKGzElAtL6qwMujLDUze1tsx1zghpgaYmavlw%3D%3D%7Ctkp%3ABk9SR-63o6PHZg,https://i.ebayimg.com/images/g/a5MAAOSwZd1VYsGV/s-l500.webp
N.O.S Norlin Era Headstock Overlay - Gitarre,10.95,CHF,Deutschland,6.74,17.689999999999998,Gitarre,Brandneu |,https://www.ebay.ch/itm/187540265828?_skw=Gitarre&itmmeta=01K8X38VET9XYGVKTFW201XHH8&hash=item2baa455b64:g:8WcAAeSwN~touDbk&itmprp=enc%3AAQAKAAAA4FkggFvd1GGDu0w3yXCmi1cxu6RTsv3CutaIylDciVmKs%2BrWMU%2B52IQe4U4ZWZM4kxIDbfm9BQbc39BHXA9m1ugxd43gemEEvTH2%2Bw2A1939WiHUAmmPQZ9o8cB%2B%2FAvD2w9cDfaNLejSjFn1Qyf0vbwECwmO9Ea4AdDgO%2BlxGElJjNlXzCxl0Gxx89%2BqvOzavCLVzJhxKIxDmYZu3tn5LEerAOnFRN44OB3cKinzra4tMWc18GfO%2BULIZ%2FlwTyDKfPz%2BZUt4p8O9HEmWn3%2BCzR%2FM4cD8%2F98Movs%2FKS3%2Bb78i%7Ctkp%3ABk9SR_C3o6PHZg,https://i.ebayimg.com/images/g/8WcAAeSwN~touDbk/s-l500.webp
"Steg für Höfner, Framus Jazz Gitarre, Schwarz, bridge for archtop guitar, black",22.66,CHF,Deutschland,5.48,28.14,Gitarre,Brandneu |,https://www.ebay.ch/itm/236382668548?_skw=Gitarre&itmmeta=01K8X38VETSQKV55VJG034SYJC&hash=item3709814704:g:DFEAAOSwV5lhN5mi&itmprp=enc%3AAQAKAAAAwFkggFvd1GGDu0w3yXCmi1cw4YcJFejcX6JftK3QLT0zzAODUotTfDBSARbG9%2B3QKU1QF4cOoOVcnnKeEk%2BRjPpqvFCHALo8vNxRlnyfKR5TlDG7omNq5vRINnzVf6DfD5XXcNM8zOzuqDMXvHxF5emYtVqpyyQo9cAKqcP%2FHZDgkiRHn8LliUYi0Lo3iM8EuzCj6Nkb9G1Knz5aJNM2zvjbLbeMvpipnTwnESd29H9VWemdFdnOJrA6msy0zRfJ2w%3D%3D%7Ctkp%3ABk9SR_C3o6PHZg,https://i.ebayimg.com/images/g/DFEAAOSwV5lhN5mi/s-l500.webp
"Neues Angebot Rectangle Gitarre Bruecke Sattel fuer      E-Gitarre , Gold (6 Stueck2450",5.12,CHF,China,0.0,5.12,Gitarre,Brandneu |,https://www.ebay.ch/itm/167896064399?_skw=Gitarre&itmmeta=01K8X38VET88J7CG16YABQQ06M&hash=item271762a18f:g:QpwAAeSwF69pBIrO&itmprp=enc%3AAQAKAAAAwFkggFvd1GGDu0w3yXCmi1enLqjllg%2FuJkKVeigiGSKzKilWJlmG%2BtzwKx9AdGewf5gdXsy4fv2cGLsAcTF8pN0qB7JXtTNb%2F%2B1fdiAmXa8S4qDMsnjpIqyuNL7HtDajTd6VWP0Cpt8b%2Foa7UKsC9WIrrvZymiDDO6N59GAzf4hHji5qsLK%2FJ%2BVFXMzLG3AX%2FD6x%2Fo1hc2aq5Cy%2FPOBDddkHCYBtUMBAMuxADNTzgfgrUsrGmV4at0GJwGfE6tiHaA%3D%3D%7Ctkp%3ABk9SR_C3o6PHZg,https://i.ebayimg.com/images/g/QpwAAeSwF69pBIrO/s-l500.webp
"Jay Turser JT301 Black ST-style E-Gitarre, H-S-S pickups und Tremolo",101.1,CHF,Deutschland,16.23,117.33,Gitarre,Brandneu |,https://www.ebay.ch/itm/266615945408?_skw=Gitarre&itmmeta=01K8X38VET5DFN4J0KRFSDEQG9&hash=item3e138c78c0:g:v0gAAOSwnUVlouBW&itmprp=enc%3AAQAKAAAA4FkggFvd1GGDu0w3yXCmi1epI80YUnTurxZEY4AF8TAEloNWP6JbYDK%2FP7lzURTrmb8GOJAoLntXheQwNyHSk1MlPgD2h3x50UM39ZHjFTSIJIavF4zcDThTtv8gUPmxeKRZj1xH%2FLnibf11GubBn%2Bz83pkMEl2q%2BbPB3OPSRqJU0m80MOTVNTbta11JoFISAlvFO8ZMCrnqJFgg7rXD71%2FdPLdnbMBq506E%2FXLCPaioRpyYFu4YEsrCLNa4YkSsYTtZQqqCB8MQs48Ags84eu4aLjoj98zbZ4yS3lWkhW2V%7Ctkp%3ABk9SR_C3o6PHZg,https://i.ebayimg.com/images/g/v0gAAOSwnUVlouBW/s-l500.webp
Neues Angebot Verkabelung Gurt für Epiphone Dot Gitarre Oder Generischer 335 Stil Gitarre,26.06,CHF,Grossbritannien,7.6,33.66,Gitarre,Brandneu |,https://www.ebay.ch/itm/205817785479?_skw=Gitarre&itmmeta=01K8X38VET4DANQMH58X2Y3ZTA&hash=item2febb22c87:g:y5AAAOSwO3Bm3vZS&itmprp=enc%3AAQAKAAAAwFkggFvd1GGDu0w3yXCmi1dq5nStdTWZn%2Fw8%2Bbj99fR59EKlZyy6vmzjcVGP8eZt%2FSpBrN0SaugZnyI7N%2BvlyBCjvcuGApMA8cG%2Bxl7sTZn1GsKw7y3KzP7t5Cp5fbhy3o5NwmgFnCaj4J%2F868Mb0S6yJVgjoI6Rg0C7yIzP7cBipjYcNvUAzObjbQa4jmPqHBQaOlN9T%2Bmzb2LA%2BnOacgd8HF7NFZ5uwFF5ASpWEAhkHwm1ZZQdAA%2Bx%2FAEC4WZtlA%3D%3D%7Ctkp%3ABk9SR_C3o6PHZg,https://i.ebayimg.com/images/g/y5AAAOSwO3Bm3vZS/s-l500.webp
"Neues Angebot Rectangle Gitarre Bruecke Sattel fuer      E-Gitarre , Gold (6 Stueck3044",5.12,CHF,China,0.0,5.12,Gitarre,Brandneu |,https://www.ebay.ch/itm/136683177089?_skw=Gitarre&itmmeta=01K8X38VETYFZDJ9TQ0Z42K4MJ&hash=item1fd2f3c481:g:3HwAAeSw4c9pBI7J&itmprp=enc%3AAQAKAAAAwFkggFvd1GGDu0w3yXCmi1cWkeEGbBz%2FubeDg2duPTkVRrC5cR9pxgzxHCsdInYReYP6ZM4wXNER2fUwPsZcPilgjzw6cAF6xvncTrIbeUcuLk3%2B7NV3lWYT%2Bi2NKXjrKFHoeOpADz8mytAFQ7GAVl88yJjlgXAbmOawWKMGkWFnubpEQQl9eCofHF51QJYDvalFTAXCUvYRhrKijarsPGb033lNmSo5DheXmyB0yNlA8eE5QlbcIG%2FgOLEarrhM8g%3D%3D%7Ctkp%3ABk9SR_C3o6PHZg,https://i.ebayimg.com/images/g/3HwAAeSw4c9pBI7J/s-l500.webp
Neues Angebot Gitarren Werkzeug Kit Enthalten 1 Stück Gitarre Fret Krönung Gitarrenbauer 3350,11.56,CHF,China,0.0,11.56,Gitarre,Brandneu |,https://www.ebay.ch/itm/167896116645?_skw=Gitarre&itmmeta=01K8X38VET711TD38CYXZCCCRT&hash=item2717636da5:g:i2EAAeSwz0JpBJRM&itmprp=enc%3AAQAKAAAAwFkggFvd1GGDu0w3yXCmi1eMcl6EvkObLD63MUm9Sf5%2FaxEPYILNb9QSwgWw6TFzG7enJM7o%2FZRcaOiu5wdGIxN7dhMczEtF4waNU9A5b%2FWF33FS6rhdBsJ7j7wRhUtlXskkFax3iH9QNwP%2FNiFW2ph4VaSbPHSMFc13g%2BQfdK%2BYMzlX05Z1PB7sVH4%2Fm8I3e9FNezaJtYSyEtH9JeyaOao0Grj9EqIphrSj%2B9Ltd74RfrncczM91n3NZbknmPs8uw%3D%3D%7Ctkp%3ABk9SR_C3o6PHZg,https://i.ebayimg.com/images/g/i2EAAeSwz0JpBJRM/s-l500.webp
Pickboy Carbon Plektren Plektrum Picks Pleks Plektra Plektron Gitarre 6 Stück,8.42,CHF,Deutschland,4.63,13.05,Gitarre,Brandneu |,https://www.ebay.ch/itm/303325326664?_skw=Gitarre&itmmeta=01K8X38VETDVDKKE33KR3BAAM3&hash=item469f992d48:g:EuwAAOSwT5tWQICi&itmprp=enc%3AAQAKAAAAwFkggFvd1GGDu0w3yXCmi1eoVIkgCN27%2B6Ch4E%2FlYNw1FcDf%2FEUHvpUFJiHe6cFUehvV74SXi7WJHfLJY9I%2B5YG0mI97suEq%2BryVT4CcOuKkWDxRdiWIhYbXtJhCtIoea2hECaRjYbHzKvcoV3aJvqACQEurlRH0npxUC3rXgtzSYADKK3%2BEp1fdpuaxyvL%2B2JfDHSZJFMuLbruNKzPR83sQMTzLSeq0kUygk8J7HaFVQvB2FXpAe7l%2Fkamj%2BbaPHQ%3D%3D%7Ctkp%3ABk9SR_C3o6PHZg,https://i.ebayimg.com/images/g/EuwAAOSwT5tWQICi/s-l500.webp
40 WATT E GITARREN VERSTÄRKER + MIKROFONEINGANG TRANSISTOR 7 KANÄLE DISTORTION,52.23,CHF,Deutschland,27.72,79.94999999999999,Gitarre,Brandneu |,https://www.ebay.ch/itm/192961810303?_skw=Gitarre&itmmeta=01K8X38VET20RZAP1G82GSZ7HM&hash=item2ced6b8f7f:g:6ZQAAOSwlcZeVjq~&itmprp=enc%3AAQAKAAAA4FkggFvd1GGDu0w3yXCmi1dREYoCOQfSMSN6fGYegwzTXC%2BGbo8vH4lLspRXldLpNRxuXI5OBx2SOJkHKHQWpyBQDP%2FdQ1pla5EaC7qGNxnoDpLI6cQi1txyvVoNTtZOWxQ%2F2nssKoysTXFTF5dB%2B05GG8bR4UHRq8QhJyFvzGPCtrlswFyXqKA%2FQI%2F0jKVMbHzovfIVoP1%2FQpemwbWpR7Tt4nDKQndmHpXR2ikM2eP9KJMvYQgbq%2BDuI2xbTKBI294YREZkyrQIyrTMYtwCESI3R%2BXB%2B%2F3OThdrwIK%2BjwmC%7Ctkp%3ABk9SR_C3o6PHZg,https://i.ebayimg.com/images/g/6ZQAAOSwlcZeVjq~/s-l500.webp
Neues Angebot Orangewood Morgan M Live LH Akustik-E-Gitarre Near Mint/Mint,173.38,CHF,Vereinigte Staaten von Amerika,103.85,277.23,Gitarre,Gebraucht |,https://www.ebay.ch/itm/167895072747?_skw=Gitarre&itmmeta=01K8X38VET4R3C8WNNX19JF2D6&hash=item2717537feb:g:TwMAAeSwx21pA94p&itmprp=enc%3AAQAKAAAA4FkggFvd1GGDu0w3yXCmi1ftPG0WPf0AgL9yXCl4xVtHsXgJf1nbKBXJYHb4DXAFUP3oPzq0tUF%2BGlQq3ouba2Lm2FNp9qbIvGZqDdwgNnH2cfQcFXx7U3017bb%2BRw2NQ%2BMjCQkV%2FaZb0r5z2HjxuPHYOR61zh%2FSc9UM85R8FEyAA31ucBK3iLnv4fuei2%2BIb0thL3mtWxjrJpPCYfHnv8jEDtRAD%2FPjyeT3pITd3cwoJ%2F2l1uGdj3%2FNrOZ4EKUHDms6212d2tySHfrO%2FTZQBuWlqCM%2Fim3zQKQp5H6e88FV%7Ctkp%3ABFBM8Lejo8dm,https://i.ebayimg.com/images/g/TwMAAeSwx21pA94p/s-l500.webp
Natürliche J-200 42 Zoll akustische E-Gitarre massive Fichtendecke geflammte Ahorndecke,279.04,CHF,China,42.48,321.52000000000004,Gitarre,Brandneu |,https://www.ebay.ch/itm/135490070536?_skw=Gitarre&itmmeta=01K8X38VETTYDMZ6YYK5PJA5HV&hash=item1f8bd66808:g:pAsAAOSwKRtnf5HK&itmprp=enc%3AAQAKAAAA4FkggFvd1GGDu0w3yXCmi1dHxmaCKwGQjIrpOszylHJNDPISH9b113%2F7mdLmluUAwjN8ZJfX%2FHbaaRrr5vTFJbbFV%2BRurN3XDjLstWm%2BLhiAA55cdGYAZyuEdnUlov5ELzcGmFS1%2F0m8%2Bgr%2FlNJTcByk3rOkbdtzxOHvV%2BvGee796261ow1ndxVeM7BL6NB9kxIR7i%2FjG3TRXrf56zZsRHxXOwT%2FSc8zAmBiq4C0QSt3YBD9ZCUc%2BrVAhLgM9WkHc%2Bsa6gWoFKQcbibZagKq89b7Fx4b3XxbuBqeg8StKLo%2B%7Ctkp%3ABFBM8Lejo8dm,https://i.ebayimg.com/images/g/pAsAAOSwKRtnf5HK/s-l500.webp
LP SC junior Schablone templates Gitarrenbau,50.51,CHF,Deutschland,17.69,68.2,Gitarre,Neu (Sonstige) |,https://www.ebay.ch/itm/232409074576?_skw=Gitarre&itmmeta=01K8X38VETJH3MT4JC4ZW4PAW0&hash=item361ca90b90:g:1JsAAOSwFlxZaIdM&itmprp=enc%3AAQAKAAAAwFkggFvd1GGDu0w3yXCmi1eLB9M7tLp%2BKD%2BpGq%2B%2FBp2jRK9IYvY%2BBhboxP4akoeq%2FMCIqzJQIyoQAkZdBweaJ6MGlsC8sNvMIg5ojFoGkr5WEB8nxT6BRJ%2B7q9TKuRhZBIwpm1IM1IGXheVDNb9MJ1zRNvOyEsn46WpsNq1rw3naOpXnz05AfqR%2B0JzZtKgY1RwLRr5apYbgb2oMrWs1VRA9ffiwdirQ%2BOLRHg5hnUDVuA7KYkPrTX0L4KNNA44HVQ%3D%3D%7Ctkp%3ABk9SR_C3o6PHZg,https://i.ebayimg.com/images/g/1JsAAOSwFlxZaIdM/s-l500.webp
Gitarre Brücke Einfache Brücke Mit Sattel Gitarre für Archtop Jazz Gitarre,6.7,CHF,China,0.0,6.7,Gitarre,Brandneu |,https://www.ebay.ch/itm/365217125166?_skw=Gitarre&itmmeta=01K8X38VET8TDZHKSDM9K2R1E3&hash=item5508a3132e:g:WT8AAOSwHh9mtV2B&itmprp=enc%3AAQAKAAAA4FkggFvd1GGDu0w3yXCmi1fYWWeLcaIH6KnffSA0SIbgve41p70I8v%2Br4UkHRXb3SeUVyvnWLC0Pmeuyg4tKbc7i1X924oinUzqj8RYfTIZCIoKYFaQlj6BDlgaiBDBlNk2F2OP%2FBf5IjC4GC9TGygiCinhDtzO64gKyYVQeKwjZsRJdoCnu5Uq0KZxqUJQV1BMHN8q9nbqca3gz9CUMwAUivA1IZbDjlVLdb%2FVivXA5VXGcubumsPdQSlMPT%2FMqxX0zkR2xKNZa6QqWPeWewlxoG83Wk5MXaJOfWhmVHm1t%7Ctkp%3ABk9SR_C3o6PHZg,https://i.ebayimg.com/images/g/WT8AAOSwHh9mtV2B/s-l500.webp
"Neues Angebot Die Ärzte True 7""inch NEU Vinyl Punk Bela B Deutsch Rock",19.38,CHF,Deutschland,6.74,26.119999999999997,Gitarre,Brandneu |,https://www.ebay.ch/itm/257184730058?_skw=Gitarre&itmmeta=01K8X38VETCAEMZ0TPMYVXBRAK&hash=item3be1678bca:g:2IgAAeSwlmRpBJbL&itmprp=enc%3AAQAKAAAAwFkggFvd1GGDu0w3yXCmi1eikirs5DN9w4mWg1KT1MZHlxgJmeu%2B1oBQTZtKyPTIBYzc1yaPuI8AGYYkSmhVJC%2FTVsON5%2Beeo5p0EL8o6de1tZyRfPNYpYqNHrmhvFZ1MFgo9sUZfczm1cOQB3YxTmz5sFBLv%2BrxJfBF5GFbBWMGjerC0CtulQ0qcB%2BtSk%2Be0DAv6PDutf6gi%2BaTqJ6tfphDF0IUrmLhocoHOCHncGGBFI%2B%2FmpfH3auBxPiQ4vusFA%3D%3D%7Ctkp%3ABk9SR_C3o6PHZg,https://i.ebayimg.com/images/g/2IgAAeSwlmRpBJbL/s-l500.webp
Neues Angebot Gitarrengurt Folk Verstellbarer Gitarrengurt Aus  Baumwolle E-Gitarre8562,5.23,CHF,China,0.0,5.23,Gitarre,Brandneu |,https://www.ebay.ch/itm/167896117248?_skw=Gitarre&itmmeta=01K8X38VET1V3CV9W7R9SZ5M7E&hash=item2717637000:g:7TYAAeSwvilpBJQZ&itmprp=enc%3AAQAKAAAA4FkggFvd1GGDu0w3yXCmi1f3VAriXesrnKvWcBCx9HLaRW9h0LzPHgHaWKTiBJDV2kgOs0fHXahySFLF6r9DwQCABeMwnAOtJI2xF2Y9pzoiP2F2ieyi5%2BBNxDoiqJem6uL5uvGDCrFyZoPYiHipKnxsu77RblYeG74jRqUtbxuXtV486bZb1Hv9kkD1UHPRPcj6%2FyiNRGlYO%2B2gdpqoioJDziyTpIwU1CoKBIxY01bgBKVFvGMeV9WBEG%2B4AXLCxmS01zAWAPCKCcT1iAJ59m%2FpJlBq8OwKvf9cNupnx7Mo%7Ctkp%3ABk9SR_C3o6PHZg,https://i.ebayimg.com/images/g/7TYAAeSwvilpBJQZ/s-l500.webp
Positive Grid Spark 2 Black Gitarren-Verstärker Bluetooth Amp 50 Watt NEU,227.06,CHF,Deutschland,27.73,254.79,Gitarre,Brandneu |,https://www.ebay.ch/itm/406168155973?_skw=Gitarre&itmmeta=01K8X38VET3S53SNVWJYTBR6FE&hash=item5e91823745:g:cxYAAeSwsmposA~p&itmprp=enc%3AAQAKAAAA4FkggFvd1GGDu0w3yXCmi1djQ7OnzrWxZjfU4U9jY1BeLjd5Mk%2Fo0JzXZgE8sHIAhj1NBlCajCETSF8JwGvcJMwSq66q7bYlxUPto4%2BiPPSBdZ%2FbZQGmQ2NUjpbaJwl6F83t2fcq4ujxTUEbu7V4Owgvy3Gvo08MvjDmc%2B8Pqg%2FsHCP0azgY5eYynsFuod%2BBnjAQKD85WXOYV7YXHJt5rVKh5bot0Mo8cBLMMuiqZtGxmmzj0OSpjKUwpmv1h7LVvaTBzhZDU4UKi7bNDAjA6hYWC4HNPgxHdZU%2B1BmG6APF%7Ctkp%3ABk9SR_C3o6PHZg,https://i.ebayimg.com/images/g/cxYAAeSwsmposA~p/s-l500.webp
Neues Angebot Klassische Gitarre Stimmwirbel Akustikgitarre Tuner 1:18 StimmschlüSsel 3  7548,15.61,CHF,China,0.0,15.61,Gitarre,Brandneu |,https://www.ebay.ch/itm/167896117060?_skw=Gitarre&itmmeta=01K8X38VETNR1CZ06NY2C97Y47&hash=item2717636f44:g:UvkAAeSwh9RpBJPa&itmprp=enc%3AAQAKAAAA4FkggFvd1GGDu0w3yXCmi1dnl91AaRYW1JV6Jq1rgx1FkWhwBTqyz8eWtt9ZnfBFT5kdjHiswZEtRkINkmz7crRG6YuRCppWjx%2FjjbHrCu4Io9%2FhgT5QT5Ng4sb1ff0AgF2a4%2Fv%2BgU55tSpQiUmBIuPTWOt7c7Qhd0yNK5n9SUWU%2FRgMo5roJXx7y9yxe%2FtEQpocR6bAA1Lpz59gptEBuX5cc6Dg%2FNyxuaQbNL1JMZmRfLeXLoKG7d7l%2FM1ZO74vpvaVIWZ3Ejural4zHFLrseghk5Hd3dOF0oKrc8rztFay%7Ctkp%3ABk9SR_C3o6PHZg,https://i.ebayimg.com/images/g/UvkAAeSwh9RpBJPa/s-l500.webp
Neues Angebot Elektrische Gitarre Reparatur Werkzeug Legierung  Brett Presse Netz Mi2032,20.18,CHF,China,0.0,20.18,Gitarre,Brandneu |,https://www.ebay.ch/itm/167896116640?_skw=Gitarre&itmmeta=01K8X38VEVDHCE7JKQVG1ZSCPQ&hash=item2717636da0:g:1LMAAeSwIKhpBJNh&itmprp=enc%3AAQAKAAAAwFkggFvd1GGDu0w3yXCmi1fQoUmnNBNWbVb1GsgmJ2N%2B4Ez16D9uTP2ByM1J4KcMHMHCG%2FhRGEzLA4TLyQlscvlqwgkT4vVtHKiBhTLFKuAdDMuUGHTN%2FwUTRgxgtEfnnboZT890xff0A4BKTwt45%2Fl%2FjwElqcyNF6nyyBOSx2Pm%2FG7LQ8CPI4pFF85iXJQ4mtS7G4sNhWPcQ4zGMcYyrvzD1Ua5SSOVWEOfOEfP1Bu17OORt9LpfYYS8dzr73bAmg%3D%3D%7Ctkp%3ABk9SR_C3o6PHZg,https://i.ebayimg.com/images/g/1LMAAeSwIKhpBJNh/s-l500.webp
Saite Thomastik für Acoustic Guitar-Set Classik N CF128,18.05,CHF,Deutschland,6.02,24.07,Gitarre,Brandneu |,https://www.ebay.ch/itm/256282557028?_skw=Gitarre&itmmeta=01K8X38VEV74ZP47JZF55JKVW8&hash=item3baba17a64:g:SHEAAOSwYI1lR4eN&itmprp=enc%3AAQAKAAAA4FkggFvd1GGDu0w3yXCmi1fpEnhABscgaitkfXlVCknE3mEB1QJLqU%2Bwf9FJgnH%2Bw%2B5OcbcoSgDJrupe4IZ5RvYVy7nHJtwsIV1R0pRoaPaI11gu0oq%2B4zs%2BzkwH3vVO2o97Ymuc2GW1PNMXLeVvFJuKY%2FOrvwv2292c4VMoW39TLoPOGRCtHEk0dRkmO7OYmLMnBXmZ%2FUfyQpbc6ENztz1iLvQ3pLMEGL%2Fl3zuwFWAjsXlCRZ9ltGz6uGM%2FnGOkF--KpjpskWN35DovArS8tWeaWiVtbM0yItHGD8jOtdKX%7Ctkp%3ABk9SR_C3o6PHZg,https://i.ebayimg.com/images/g/SHEAAOSwYI1lR4eN/s-l500.webp
"41"" D Modell massive Zederndecke Akustikgitarre Cocobolo Korpus Abalone Inlays",353.72,CHF,China,0.0,353.72,Gitarre,Brandneu |,https://www.ebay.ch/itm/226126690727?_skw=Gitarre&itmmeta=01K8X38VEV2QFTZDDKA86NCC7R&hash=item34a63379a7:g:938AAOSwVK9mHVjQ&itmprp=enc%3AAQAKAAAA4FkggFvd1GGDu0w3yXCmi1ek5Sg9%2FNM%2FX1nOKe4%2BwM3IIkxwmv5l2g1F9ho2mDtyZNF5ADtj2RFy9tiPovPnFYA80BNQFFdhRouxdbrL%2Bm13LDecN5ZlBPbzqTlkaJ0LsaagBWDrQQW1kzgK6OsjyDA3Jr3AS0WV90IZvDr%2BIxQxAbScJKhXl984H0xXbVSXRuq6afitnkaXZOyxXpL%2Fc7uy7XU8gr5M85ZYrDr3jf9zlHQywToRpCTou4759rZzv5c3cqhZOanDRTBZh8IENilYyHcbSlCXDCWVqvbHs4Pb%7Ctkp%3ABFBM8Lejo8dm,https://i.ebayimg.com/images/g/938AAOSwVK9mHVjQ/s-l500.webp
Neues Angebot Gitarren Werkzeug Kit Enthalten 1 Stück Gitarre Fret Krönung Gitarrenbauer 7194,11.56,CHF,China,0.0,11.56,Gitarre,Brandneu |,https://www.ebay.ch/itm/146931429390?_skw=Gitarre&itmmeta=01K8X38VEV3CRW3GCS6DTCVVXA&hash=item2235cbb00e:g:pt4AAeSwd29pBIqO&itmprp=enc%3AAQAKAAAAwFkggFvd1GGDu0w3yXCmi1eGyxNiLcvapD%2BLUNK2xjs3sbh0n3tBWV7AbVap7x7ZR2HqB8JDUTeqeF699W6vYNE6EAvwzir6TVc1ZQeF1mHbkUmxG7LDc0RUN%2FwDjFJs85fN76uxdGDB2qEhfnz0Np8BFrVqFQFPnEajWTQabOMkImIJVT5sIglyMC9NYfSNF2gQTzEi8Dij06mirpCfFb3LodN4uOZt04mucOyS8uwcFP5h2XfDYAmlZKriU5UAaQ%3D%3D%7Ctkp%3ABk9SR_C3o6PHZg,https://i.ebayimg.com/images/g/pt4AAeSwd29pBIqO/s-l500.webp
Neues Angebot Gitarrengurt Folk Verstellbarer Gitarrengurt Aus  Baumwolle E-Gitarre9255,5.23,CHF,China,0.0,5.23,Gitarre,Brandneu |,https://www.ebay.ch/itm/167896091830?_skw=Gitarre&itmmeta=01K8X38VEV83VP3QJ763AFF53W&hash=item2717630cb6:g:0zEAAeSwRqtpBI9r&itmprp=enc%3AAQAKAAAAwFkggFvd1GGDu0w3yXCmi1esyuD2hTk6HGcpmZa8B1h%2FDgiXxpdX%2Fq%2F%2BlWOezqW7IXRpXYmRisc3jnkqLH68vANK2T%2BWiTOO%2FVZ2IljzjglKVuBg3c2Y0sWY2E1Sd%2BGVBIpInfT3MaaE3mF9RLVsYXH3B%2B1KVuMP2Z8No0ftbVvRsgPsYuwvBWDmipeOqfSIX4zEj2GZuDcQuMlBIbC%2BxkSKZgugdhe2L1wKB4HmSwazQ1rQ0cipyFsdkRVskAwCnw%3D%3D%7Ctkp%3ABk9SR_C3o6PHZg,https://i.ebayimg.com/images/g/0zEAAeSwRqtpBI9r/s-l500.webp
Roberto Blanco - Die Gitarre Und Das Meer/ Am Tag Als Der Regen Kam 7'' Vinyl,41.61,CHF,Deutschland,0.0,41.61,Gitarre,Gebraucht |,https://www.ebay.ch/itm/136661691007?_skw=Gitarre&itmmeta=01K8X38VEVKFR40PXMA76MEA2V&hash=item1fd1abea7f:g:yR8AAeSwV6No~Kli&itmprp=enc%3AAQAKAAAAwFkggFvd1GGDu0w3yXCmi1eNfrrW1HesChC03F3L8UneEcK95hSlQwG9dlD1NDAj%2FU010qhZ4hCWNROq%2FZVemXZ8YJuaCBL5vNuzxD5vWlgnaeGNuy5MzP6rHI2yL%2FxWVwtaMDVA2OT4TLpdqQgwu5iLQaT9kAFRnt%2B3lsZeN7aFBgactlAz3C8RBZha0GCERIYb4mdXjLXCVANq7nosC6p0t1Y1hhUcFATOMX5qewglygABmg3ITq4f5PL2mE6qTA%3D%3D%7Ctkp%3ABk9SR_C3o6PHZg,https://i.ebayimg.com/images/g/yR8AAeSwV6No~Kli/s-l500.webp
"Neues Angebot Kat Amerikanische Akustikgitarre Ltd. Ed. Lithographie #' D Handsigniert, COA",115.56,CHF,Vereinigte Staaten von Amerika,26.04,141.6,Gitarre,Gebraucht |,https://www.ebay.ch/itm/187697665097?_skw=Gitarre&itmmeta=01K8X38VEVFA475K1AZGH7QRRD&hash=item2bb3a71449:g:5N4AAeSwNV1oNUgz&itmprp=enc%3AAQAKAAAA4FkggFvd1GGDu0w3yXCmi1eXehp41ujZlGID2MyWfH7SFD4X5CGTahN1DWo04I2%2F4raGhhuXoCCODLT2kuO67gY8rJwy69OxdExOjzMZB3llzI7%2BCNFrP%2Bx8c68d43lb3WtQQVlRbff7Nc%2FLDZ7Oi%2BFXtsUyWid%2FAbclm3qS%2FIsmDLItVyWNwYh%2Fj9oz9xlmyROFqCj3EfjwmRKjl%2FFqW7jEEP03Sg76jz6DPA%2BjrO9uxgi%2BRCFOS7G15Dw%2BaZ3JGo%2B10vDtXD7y5u2ApmY9xo83GnF1IYwZmfd1PHUbpSth%7Ctkp%3ABk9SR_K3o6PHZg,https://i.ebayimg.com/images/g/5N4AAeSwNV1oNUgz/s-l500.webp
Neues Angebot Gitarrenreinigungswerkzeug 2 Satz Gitarre Griffbrett Polnischen Gitarre Bun5755,4.95,CHF,China,0.0,4.95,Gitarre,Brandneu |,https://www.ebay.ch/itm/167896064666?_skw=Gitarre&itmmeta=01K8X38VEVK4AW87KW11GF0N22&hash=item271762a29a:g:8k0AAeSwYzppBIsN&itmprp=enc%3AAQAKAAAAwFkggFvd1GGDu0w3yXCmi1csTYWwVfSN5g3UNWvsKRoetBd8QpKdV7AQd1pdQ7iuJEABx9H62g3iUoFEET%2B53UzZBuNodsnTCiTKXPm3DexnDUSrZCrXKOhKuYnN8%2Fx4IrrvJNCgLnS%2Fvm17oPPtfMvxruVMC6xnwPTvabw37fftmln9gvfB%2FC%2BgQlKp7e9JAnrWKG1kmOuvz%2Ff7iDwrE9Sor%2B4vylcKa%2B5O9rej6owGODQA36%2FVyHTfh%2FLpzLWqqQ%3D%3D%7Ctkp%3ABk9SR_K3o6PHZg,https://i.ebayimg.com/images/g/8k0AAeSwYzppBIsN/s-l500.webp
12er GITARRENSTÄNDER UNIVERSAL FÜR ZWÖLF GITARREN - STATIV STÄNDER SCHWARZ - GL,32.01,CHF,Deutschland,27.72,59.73,Gitarre,Brandneu |,https://www.ebay.ch/itm/192884337784?_skw=Gitarre&itmmeta=01K8X38VEVX6WSFS4YVS0HSPVB&hash=item2ce8cd6c78:g:ZMAAAOSw9-hcqwoo&itmprp=enc%3AAQAKAAAA4FkggFvd1GGDu0w3yXCmi1eI6UZHuqyp%2BeVEMAb7paB7P5PjppzcVYWfqDvrBkdrZiGb1Q6iugVMQhp9xJyjCzmY92Vd5zHOAMAMg0nYEziljZqFuG9Bc8SBhc31wh2Cu0N%2BWGgHJ0bUR1IrAYmjBOss0oMQkbhUdmF1PcSNHBlKRJkaTfRgd6nFZMrJv1jw9zrMdO7Prsl3j4Zw9vuJkhAKYSwt%2B1z6qsKy10SqOVO9ykv4xqvw85CVfpRMvnFJMSIZmP6amy0j1GMuKHqI9Iz%2FslK97ijNYQ0edlhhGL8M%7Ctkp%3ABk9SR_K3o6PHZg,https://i.ebayimg.com/images/g/ZMAAAOSw9-hcqwoo/s-l500.webp
Neues Angebot 3 STÜCK Für Yuanxin E-Gitarre schwarz Lautstärkeregler Schalterkappe Zubehör,4.84,CHF,China,0.98,5.82,Gitarre,Brandneu |,https://www.ebay.ch/itm/146931485268?_skw=Gitarre&itmmeta=01K8X38VEV21TBMW49QN1HGVHF&hash=item2235cc8a54:g:FyMAAeSwKDVo-J45&itmprp=enc%3AAQAKAAAA4FkggFvd1GGDu0w3yXCmi1fw4QhElPRKks0NaOivro7CWhb8EsT0EW6rFerrjc7rvqa6lxAjWUvZWp5uBrJCWQZB5CdppB8l09OzWY3HisE0xA6TPW81u%2B0%2B70HGpLD0zB2bsGtKuZ1pvf0JjSiRoD%2FgRQtv%2BnQQr1puZtDEoATU40cDaDZYV5o0cGVfkFCp4eDZ1roOTDK7sTZPtfP5BSddcf56D42KsAHCxjS%2BUbOfaNJv9fq9zFlLb8SifrJFX3dX1VNqexVNbBlQpE4q1c38toZ%2B0uKXaYJQSKcFXzXP%7Ctkp%3ABk9SR_K3o6PHZg,https://i.ebayimg.com/images/g/FyMAAeSwKDVo-J45/s-l500.webp
Ernie Ball 3 Sets 2221/2223 Regular E-Gitarrensaiten 10-46/9-42,5.0,CHF,China,0.0,5.0,Gitarre,Brandneu |,https://www.ebay.ch/itm/297584562262?_skw=Gitarre&itmmeta=01K8X38VEV5X573SH3R0K9TP8G&hash=item45496c1056:g:VE0AAOSwWqJnT8FW&itmprp=enc%3AAQAKAAAAwFkggFvd1GGDu0w3yXCmi1fy66k3QVT3bDINSEFhdxHGaKuBS5PAiT9lmlq2Wljpujqq8xL%2Fs2obOYU6Hg6ngQG9dRLbW1bemw7Klu93gIXLaeUFvQpseWMeyHGVa%2BUqGQZlerU3vBlkpOhyemJS3dFttS0%2F8VSSgwsr9mPWKD8Xm6SFeZXr1KBAiaJkNlI1Z8PALwAPPWLQPsTr%2BJ6K%2FdCQl%2BR9ctqTBMkKPhdBcZuTHr1XsDvYXx4gIFYt6YwjeQ%3D%3D%7Ctkp%3ABk9SR_K3o6PHZg,https://i.ebayimg.com/images/g/VE0AAOSwWqJnT8FW/s-l500.webp
Neues Angebot Klassische Gitarre Stimmwirbel Akustikgitarre Tuner 1:18 StimmschlüSsel 3  8175,15.61,CHF,China,0.0,15.61,Gitarre,Brandneu |,https://www.ebay.ch/itm/146931464417?_skw=Gitarre&itmmeta=01K8X38VEVNXKKD0EVQMSB55G2&hash=item2235cc38e1:g:asgAAeSwAWBpBI9q&itmprp=enc%3AAQAKAAAA4FkggFvd1GGDu0w3yXCmi1cFjp%2Fps6JeY0AIvHRgf%2FVwhFKB1FhZ%2F0byySqIFnIm18rQXCXzchw33ifeQ8zh9%2FF8zblHWTw2en%2FU6St1SJbMjZkHwyYx0ntf%2BIbBSEkz5gKO8ADi7QMLpHsY8HMyTTiWI%2BrYSaOSJwhBSCgYIlo4JeqA9kOfnKSPAHRAzd0al%2BGtsoUTQc4o3vQ7viDnfM7zR4gxxpc%2FH77rEMuRio%2FO58O2GOydFqxBgDAgigUxs3kn6wOqBBGdGwMd9gGklpjwutOqjOEdc8Gja1Aq%2FdW%2B%7Ctkp%3ABk9SR_K3o6PHZg,https://i.ebayimg.com/images/g/asgAAeSwAWBpBI9q/s-l500.webp
MICHAEL JACKSON Dangerous 2LP 180g Vinyl Limited Audiophile Edition MFSL,69.83,CHF,Deutschland,15.04,84.87,Gitarre,Brandneu |,https://www.ebay.ch/itm/167649114809?_skw=Gitarre&itmmeta=01K8X38VEVR6GGPZZ1DGFC3S4E&hash=item2708aa7ab9:g:HXsAAeSwC-5odp4r&itmprp=enc%3AAQAKAAAA4FkggFvd1GGDu0w3yXCmi1ffbkkSkuFfbL03GpKE3bV%2B64dDsQpseO8F4QKZeCVxAAX4YxH93RmJhn50zn6upvrSllvoDejpIrPi8bG11vSfBFhIFBHs8oZvbdzgmsXyGeEfJTC3xd4KsYhozfIyl9k6AEo4%2BgOlG9i7QNrAKpgleNwYAAWIohU2OEggl7lIK5vhYXDu0WlJtS27VpT7MXX0wN7nfffUa4Xw2Piq9rq6WFfhagy6TW27PW3VIW5gV6Dt3KNiMeE5EMtnSIpVPHHtHjWmGTY2WQNxGyh4hHpY%7Ctkp%3ABk9SR_K3o6PHZg,https://i.ebayimg.com/images/g/HXsAAeSwC-5odp4r/s-l500.webp
"E-Gitarrenverstärker-Amp,  Modell GW15,MSA,Kopfhörereingang,Verzerrer 20 Watt !!",25.27,CHF,Deutschland,30.25,55.519999999999996,Gitarre,Brandneu |,https://www.ebay.ch/itm/190339453395?_skw=Gitarre&itmmeta=01K8X38VEV8Y0ZEPR3A4BFE57E&hash=item2c511d91d3:g:2DIAAOSwXqxd89sT&itmprp=enc%3AAQAKAAAAwFkggFvd1GGDu0w3yXCmi1fALuLEfg9iPiA38CPwpW6kDuxqXjKAdGgWvaMW7AxRevRhyrzlwFG%2Fh6Xb08pyKsOejQOvKwtqyJVtM0UVh0lJ%2BJdArwduXKvXUIF9MxmLcGVC83zcoWi1OwfL8JGIPPyIREDGs0wAFG%2BDOWxE5z1OikAO9TVGLMqoJshn7Jw3TbnxtN0VxgX2L7mWH6B4IOFBVfLZekaG%2Br8562UiQU64hu0tLkN5BsLnjzd4%2FDQY0Q%3D%3D%7Ctkp%3ABk9SR_K3o6PHZg,https://i.ebayimg.com/images/g/2DIAAOSwXqxd89sT/s-l500.webp
Neues Angebot Akustik Gitarre ÜBung Akkorde Ton Leitertabelle Diagramm Gitarren Akkord Fi6817,10.33,CHF,China,0.0,10.33,Gitarre,Brandneu |,https://www.ebay.ch/itm/167896093384?_skw=Gitarre&itmmeta=01K8X38VEVKA15Z328VJ2BX69V&hash=item27176312c8:g:XGUAAeSw~4ppBI9I&itmprp=enc%3AAQAKAAAAwFkggFvd1GGDu0w3yXCmi1c7trXxsLKHIwp9F4q2jsu9iM%2F252ynMQMQSYRT8LaSygVYzATJdzFKs3241XYnIQY%2FNvN%2BICDTLwuOxMg6pNfFPeamvKhWEvaTBwCoKShX6EO7xbhv5%2FvRrk8aTYb86mfg%2F87XJgMGpfAVLEpZD9t0pQZ6ZHi1eVz7ESen9RcJGVwHYrqpM5Vte%2FhoIlpYGJbX1Ix9g8WTiZ8melNPblB9foS%2BhKZrVXE8e1lIwE530w%3D%3D%7Ctkp%3ABk9SR_K3o6PHZg,https://i.ebayimg.com/images/g/XGUAAeSw~4ppBI9I/s-l500.webp
Höhenverstellbarer Saitenhalter Für Jazzgitarre Solide Metallbrücke Mit,18.21,CHF,China,0.0,18.21,Gitarre,Brandneu |,https://www.ebay.ch/itm/236262507964?_skw=Gitarre&itmmeta=01K8X38VEV0XPSN7QPJECKHX8P&hash=item370257c5bc:g:dycAAeSwgz1om1el&itmprp=enc%3AAQAKAAAA4FkggFvd1GGDu0w3yXCmi1doJi0Jf3eT7b%2FqOAMsUSv2rY8AqMqY31kFX2eh3X%2Fb2NxF59pjVh5tc%2FOwt%2BxFhWDMTcrhz0e5hC0%2BkuOvEvBx8ovSkPXThMjAqvnWGsP5uJoNYxw6bqXHa3GaK4MmKlFmxnvBoS1kNeQI%2FmvnvbWFRn8D7kyyGkitGRowK3b7R5oNlldkVzpmXVVOlSMvxVnuFpHpyVkBwKinrfUJ8k9Toe1UhTKpZZzRG3eROVnlJRViVHKhYRg%2ByVPe7H1FO7CuNh1xf5AyspSGWaImr6%2Bx%7Ctkp%3ABk9SR_K3o6PHZg,https://i.ebayimg.com/images/g/dycAAeSwgz1om1el/s-l500.webp
Neues Angebot Akustik Gitarre ÜBung Akkorde Ton Leitertabelle Diagramm Gitarren Akkord Fi1904,10.33,CHF,China,0.0,10.33,Gitarre,Brandneu |,https://www.ebay.ch/itm/136683176822?_skw=Gitarre&itmmeta=01K8X38VEVEX04DS7FHFWCC5H4&hash=item1fd2f3c376:g:VMQAAeSwLdVpBI8z&itmprp=enc%3AAQAKAAAAwFkggFvd1GGDu0w3yXCmi1dK%2By3ZJc7NpgTqMNPEMgngtXreKGvFc50dUZki3%2B4ab0JDA4jxyTgAgbcVa6XSLI7plWkvpZi1XEsLAeHApOsdwjwBG8tp%2FU8gtMXRiMzjC9wsrSnHHfb%2FqCaLEBXrgL3xj6JpBVezo1Yu1CWW18mS24tup7uDESiwa%2F%2BOhqf6kTnCK9MPdsFiQ0qGI8uwOJkY2Cu6gYTstTiJtba1Wmz5e%2F9JiTLzngmbtri8L%2B6MOQ%3D%3D%7Ctkp%3ABk9SR_K3o6PHZg,https://i.ebayimg.com/images/g/VMQAAeSwLdVpBI8z/s-l500.webp
Neues Angebot Akustikgitarre Spielen Mit David Gray Kompaktplatte David Gray,8.57,CHF,Grossbritannien,6.49,15.06,Gitarre,Gebraucht |,https://www.ebay.ch/itm/116854006025?_skw=Gitarre&itmmeta=01K8X38VEVKV2DR47KRXP2TY9Z&hash=item1b350aa109:i:116854006025&itmprp=enc%3AAQAKAAAAwFkggFvd1GGDu0w3yXCmi1eRnDLnG%2Fd4HMKo9QfkbOOHC6IYCP%2FEtKDn4bkZGJWC09bclQv4vxlmXiTh6E991DZe4qBYAouRWmGl80b1vAv9JslcmU7bigYdzoQuQcTlv0neQrH%2BL1Kdk3qMuNAH0kPNXdW6F4Ba490j8onRujRXyLPAY9mMQ9ixco5jQEah1XpMC%2FfXTqcrqg5bJlbV213n3dqqqw7endCcQxtZyR44Jnq5NNULglehEQ%2BgFhTShg%3D%3D%7Ctkp%3ABk9SR_K3o6PHZg,https://secureir.ebaystatic.com/pictures/aw/pics/stockimage1.jpg
"Neues Angebot 6 StüCk GeräUschlose Tremolofedern, BrüCkenfeder für E-Gitarre, Passend für2103",6.14,CHF,China,0.0,6.14,Gitarre,Brandneu |,https://www.ebay.ch/itm/167896117145?_skw=Gitarre&itmmeta=01K8X38VEV16DD8PYFS3M2QAPX&hash=item2717636f99:g:cMYAAeSwF69pBJOe&itmprp=enc%3AAQAKAAAA4FkggFvd1GGDu0w3yXCmi1d36LV5H8W%2B4Z6kwYkhNitZueCUarQHON16KGg3G7Tt%2F6ozlsZWqcGB0kr8m0J1oXz3wdm48UPmlQ68iS3u2rp%2B7CJLxSWPcOXjER50WoU2a51ykp2pPbmpyvZ6cV6wltFjTO0c5wiSh7Y2WrR5%2FBVbLmAjUuWqoN7jCgZVJ2Swa5%2BsArbS36sUcRnpPH6%2FkupAvbL1t4F9pj9GtztuA3UThL8kpU6adhC0ltr3u6%2Fo7pPQ%2FjM89KpdqJakZN7bkGIonmnO8xGYls2PcdzwZjBb%7Ctkp%3ABk9SR_K3o6PHZg,https://i.ebayimg.com/images/g/cMYAAeSwF69pBJOe/s-l500.webp
"Neues Angebot Einfache Gitarre-Mute einzigartige Gitarrenschalldämpfer-Gitarre, die das",5.64,CHF,China,0.0,5.64,Gitarre,Brandneu |,https://www.ebay.ch/itm/167896204813?_skw=Gitarre&itmmeta=01K8X38VEVR455KDYQZBGRJ2T1&hash=item271764c60d:g:ylAAAeSwdndpBHX8&itmprp=enc%3AAQAKAAAA4FkggFvd1GGDu0w3yXCmi1fl1DbTDTwCTQ0YHE8rFNcqnj8ss4ZDW5hpi%2FoFnjNL1bxyJPH7iwt3EGMcfU3mj%2Ft2QelDOulgpU53tIXORMTkUR0dym01oHG3uXcB6bqT4LBkZGDAXBqzDWn30eI6A7g2261rQeycHQCKqBvFs2PiW0EOWpPXhLhbCeDE%2FJMfdPASAsQ4Y1PHNNW1udPVc9o9KaO6usiOqAo9MqSBxqTv80Z%2BDSUX1zNe%2FneJgtX2a2k65syaJJXJdsc4X0dl%2FVc9FAfH9yBea8T%2BkDXPMhmf%7Ctkp%3ABk9SR_K3o6PHZg,https://i.ebayimg.com/images/g/ylAAAeSwdndpBHX8/s-l500.webp
Neues Angebot Rock Gitarre Secret Peter Fischer,15.41,CHF,Grossbritannien,6.49,21.9,Gitarre,Gebraucht |,https://www.ebay.ch/itm/116854002238?_skw=Gitarre&itmmeta=01K8X38VEVK40BT13M5246NJ2H&hash=item1b350a923e:i:116854002238&itmprp=enc%3AAQAKAAAAwFkggFvd1GGDu0w3yXCmi1d8HP7CwQsbCaBU2OYiL9Z7cYDbXoAHkeBDJYcRI7jzMuIBpxpU2mHKouL3gPagrd%2BQL70jamOONHNCnMwI2eO6z8PL114f9jJ5olLJUK217ddz9aURd3cuhLObNJIb4yK25uLlmlE8Ia8GSvMAR2cs%2FV5fuXnodwgzGRzspOO9Uxp1UhUy66JiVXJyD98JMLYbwhwu9sYCRUySaLrIJMpNi2eiKhjF2km04LVB8OFOaA%3D%3D%7Ctkp%3ABk9SR_K3o6PHZg,https://secureir.ebaystatic.com/pictures/aw/pics/stockimage1.jpg
Neues Angebot Akustische Gitarre Abholen Piezo & Passiv Vorverstaerker PS700 N2M19899,6.96,CHF,China,0.0,6.96,Gitarre,Brandneu |,https://www.ebay.ch/itm/167896064959?_skw=Gitarre&itmmeta=01K8X38VEVK8W2M2NQB1MH2ZFY&hash=item271762a3bf:g:ticAAeSwJ1xpBIpe&itmprp=enc%3AAQAKAAAA4FkggFvd1GGDu0w3yXCmi1dQb%2FpH2O0%2Fs9BrWXfeFOf%2B3xOl8vvcFWJsDKxahGe52euMec5QQJUH3r3y92%2BKH%2BcviZL6HKlozrniYy8pHOQFbkl05VjAIt%2B8y8aeDTQn0TrKeWFJDfEUsiCrrNlf%2BcM9FDji61egheKlflvEf1Dgil3kngMfBlOhCGO4nJVQkBbbznwQ3wXsbPZm1lMjek8iPgm8Yow05YkK6AdJTCtq0bSCyDiLdH%2Fnot7S01q491ZwHKUsLBTMAA3MEZnC8kTP8KRPzsffjpEmSKC6%2B5IV%7Ctkp%3ABk9SR_K3o6PHZg,https://i.ebayimg.com/images/g/ticAAeSwJ1xpBIpe/s-l500.webp
"Gelbe OM42 Akustikgitarre 6s Inlay Abalone, kein EQ, SCHNELLER Express kostenloser Versand",266.76,CHF,China,0.0,266.76,Gitarre,Brandneu |,https://www.ebay.ch/itm/197648181817?_skw=Gitarre&itmmeta=01K8X38VEV2T9BENTDKFR9EYQH&hash=item2e04bfea39:g:x18AAeSw0RporaER&itmprp=enc%3AAQAKAAAA4FkggFvd1GGDu0w3yXCmi1fgO2q81fpw%2FkNYH%2B4GMxBuzrQrXA5l4CZvtbiJLZXGb2A6ud51bgtxNak64T5HyZ56SHGn2RSbJU3LeWHpZKHDGyVuyv5ZNPtA9yphL%2BZ8o16z6S7nKhTjSGyb69cpEoSYqrTfbdlaIQ%2FZbiM1WmYHEVwI4Fhbn7NJXhzV4cCbNQJQDF44kSKChFiq3Oprc8XKw7dVh9lIjCS8cT%2FquY2bHZpIJmz%2FAjRCwH8X8aLf6aFOR6SYz6IxIhtqEM2Akk1kH9XmMgqZBmKEyEKiqU5u%7Ctkp%3ABFBM8rejo8dm,https://i.ebayimg.com/images/g/x18AAeSw0RporaER/s-l500.webp
Neues Angebot Für E-Gitarre Bass 20x Edelstahl Pick + 2x Pick Boxen + 1x Kunststoff Box,7.74,CHF,China,0.98,8.72,Gitarre,Brandneu |,https://www.ebay.ch/itm/146931485308?_skw=Gitarre&itmmeta=01K8X38VEV7ZZ4BM01T0WDT2MW&hash=item2235cc8a7c:g:QwcAAeSw1oRo-J41&itmprp=enc%3AAQAKAAAA4FkggFvd1GGDu0w3yXCmi1dtYEfC8WWEGoRQGqO5D%2FihPqQL0oKTDKK%2FZv3diDSsZsq9i8LrpyKzjF5cwNieOAHMRjZB%2Bzd4QZLLNch%2Bc5W4QuD0k%2FC%2F24h3L7czGbHeeyu4u%2FBTqfeCYV8tnwFyQUlKGONI1q66A8bCs3gbeNU%2FmrDMhIgYMx%2F7KVOewJg6CBjFCZ4rbMF2cwdK8BFLUPLS49J5NJEf04LHrLKOrn85gb8fc0EItNJabxZPexJnoa7VrrPVBhsr%2BLNGx82e%2BoiXdEPfTafWkZpV8I1OPDqV%7Ctkp%3ABFBM8rejo8dm,https://i.ebayimg.com/images/g/QwcAAeSw1oRo-J41/s-l500.webp
