titel,aktualitaet,preis,land,versand,link,image
4/4 Konzertgitarre natur + Gigbag Tasche schwarz Klassikgitarre mit Nylonsaiten,Brandneu |,"CHF 33,82",aus Deutschland,"+CHF 27,82 Versand",https://www.ebay.ch/itm/196855329529?_skw=Gitarre&itmmeta=01K97Z365M3VYAT075S6Z588B0&hash=item2dd57df2f9:g:jYEAAOSwQ-NnSHVK&itmprp=enc%3AAQAKAAAA4FkggFvd1GGDu0w3yXCmi1cegKder1jUEJnNQ95Ld6OxbTS78oHGj0Y94ATGt4--wnSA5alZj3JyvAQxjZxp1BHkIXB%2B6lEVVxhuqUlsENQOWWGUuFl%2BFP3piQlCqbdiuc%2Bo%2BS%2B0cUD%2FE86rzoWcfgOotcrxiifu3Jo6vSxngVoGYrMo35rgghHCgZOrt2vMPo6Rp9nzzxgosjjS1eY5QqXo6H6ymJE9ua7SaLBbJOzD7BiJ3rwXRC1RUPVDBHAvrZQFRISVR30z3i%2Bufgt4FtdagnHhUu2CkqpDZqsyPG2V%7Ctkp%3ABFBMpOOM_8lm,https://i.ebayimg.com/images/g/jYEAAOSwQ-NnSHVK/s-l500.jpg
4/4 Set Elektrogitarre E-Gitarre in Schwarz Verstärker 20 Watt Stimmgerät Kabel,Brandneu |,"CHF 93,01",aus Deutschland,"+CHF 27,82 Versand",https://www.ebay.ch/itm/196468752902?_skw=Gitarre&itmmeta=01K97Z365MCP16QGRCPW7KMX9X&hash=item2dbe734206:g:olwAAOSwVU1mfRaH&itmprp=enc%3AAQAKAAAA4FkggFvd1GGDu0w3yXCmi1d6s67nO074MoIlfnxWqQq6c3OVk6uwM3pwjjUSFrtGu84omNkj%2BguBnJsJyqGC%2FFiM4fWy%2F84v5RNtjtLgglR7LFTzd0QHrFt0irB0Ng7Dz5AfXg20hyCigm2Ao9ZwcHEkcWZ%2BviVh6KQOBuGB9IjhOCH40CnV2DW7M0npc5l82MIfejiILHkxE5FpHYjYEZshb5S5d9z0ZY3BRfKKrU92KJoFWiNjQAOZ2HzFxp4H5vHmWy3JvqnBnCTnLPQIw8vlp8yg%2BBL%2Befii7%2BKTKPfa%7Ctkp%3ABk9SR6TjjP_JZg,https://i.ebayimg.com/images/g/olwAAOSwVU1mfRaH/s-l500.jpg
"E-Gitarre im Pfeildesign, verschiedene Modelle / Farben, FV5 schwarz,rot,blau",Brandneu |,"CHF 84,56",aus Deutschland,"+CHF 30,36 Versand",https://www.ebay.ch/itm/350263678016?_skw=Gitarre&itmmeta=01K97Z365MJQK5PYAQK4JGCKWF&hash=item518d579440:g:bt4AAOSwGwlaF--O&itmprp=enc%3AAQAKAAAAwFkggFvd1GGDu0w3yXCmi1eWkXAMsxzLCx%2Fx3O39nRafCmmMq%2FjTKjgX4fGV%2F%2BiSdIRPaoaEHSX%2FPPD%2FBYJzGUTfDEYjxHxEp52VZo3UHboQ%2F9YRVYKwJyhMXnO9kibFMs3MHovA4FR8qIH9VvcouJODMHphTF3yN8pVs9EvqIM1o14H1YVVCkSwStEXMxrBEz6%2F5jy5xXCFdyqX9zY7nKrU0TVQk8O8qrPnGfY4rUk7QsQ7po5QJIZpO0VC2cwCVQ%3D%3D%7Ctkp%3ABk9SR6TjjP_JZg,https://i.ebayimg.com/images/g/bt4AAOSwGwlaF--O/s-l500.jpg
"MATT-SCHWARZE E-GITARRE, DESIGNKRACHER IM 45 WATT SET (GW25), Tasche, Saiten,pik",Brandneu |,"CHF 105,70",aus Deutschland,"+CHF 30,36 Versand",https://www.ebay.ch/itm/142263292205?_skw=Gitarre&itmmeta=01K97Z365MKH51DWGQGB5ZJWPC&hash=item211f8d912d:g:VCAAAOSwcLhhXofw&itmprp=enc%3AAQAKAAAAwFkggFvd1GGDu0w3yXCmi1f8ceqd2NohxkGybQ3wqdZapp0FBqBR%2Fv12%2Fvmzh%2FneeBvoavJnrKHHb1UuEH6ZNE%2FSGKhvqY4qAawdNbZECnC1PWKa96ad5UN5twkR6ZVCAouNca74l3zADsDHxXKjyv0QRp4eILgqF75bgGPBuIWEF5OBjdC8yxDkDQU6zwzubG7vOfdZ61CPu58iFsgsi2dzzVsCLoYQxMj7fn0TDGjdGnwQmGRewShqSCtlaCX8Rg%3D%3D%7Ctkp%3ABk9SR6TjjP_JZg,https://i.ebayimg.com/images/g/VCAAAOSwcLhhXofw/s-l500.jpg
Positive Grid Spark NEO Kabelloser Kopfhörer-Amp E-Gitarre Akustikgitarre NEU,Brandneu |,"CHF 145,45",aus Deutschland,"+CHF 25,37 Versand",https://www.ebay.ch/itm/316982232654?_skw=Gitarre&itmmeta=01K97Z365M5ZZ9ZV1H1E5WVN2G&hash=item49cd9d064e:g:MrUAAOSwQypoTC6A&itmprp=enc%3AAQAKAAAA4FkggFvd1GGDu0w3yXCmi1cZl2uOFs1xoZF5T6W1eu9Im6I4lz3TQiQGyaHxLMQFzGEfXOA%2BJVjzna%2B0XSQsKQ6l3HPVSJ%2FU79HZBdVWpASrk7%2FpIcl3x57IEqGJjZY9%2B790EL6wvhquVGDGZ4H2NlgSCz1iR%2BgQQw%2Bcj36zA3gSQakz77MqKCozkMJhReMyHMFQLcdgAmTKEko9x5OUWDc6pmsI4Ct%2BDC%2B39VGrGFfkstmMM5KZqTo6D1%2Bq8mntR%2B6f%2FK6ixOnl5oGqXQlTMA%2BEKgy%2Bm9A6Mi8e1CzCqyFB%7Ctkp%3ABk9SR6TjjP_JZg,https://i.ebayimg.com/images/g/MrUAAOSwQypoTC6A/s-l500.jpg
Bromo Gitarre BAA2CE Appalachian Series Fichte Mahagoni inklusive Preamp & Tuner,Brandneu |,"CHF 213,18",aus Deutschland,"+CHF 23,27 Versand",https://www.ebay.ch/itm/256879264949?_skw=Gitarre&itmmeta=01K97Z365MFWPWJ5HDMA1J1B20&hash=item3bcf3284b5:g:aLwAAOSw~~hl4gCq&itmprp=enc%3AAQAKAAAAwFkggFvd1GGDu0w3yXCmi1dd3%2FYmj2sHt94Bfxth3X%2BpIdkcy%2BUK4C4Xmxd%2F2Jx0P75kcQwFG0aEukpLXh83f51aAPvnBSOkfmOICvo9sXQii05K%2BfFHgWsooDSfX1%2Fgw80KlC2PhLsdcWbQaMdAl8JqpZ7V1lrl8Nq2pjxRUvLLUPi6aAPfz7l1GOxxaG5o%2FtwWlrbWDNT0qB6n8iuI8Zs4eKhuMXowyjGQWpqofv74%2BLvMN86omklcXXFpYhrvYQ%3D%3D%7Ctkp%3ABk9SR6TjjP_JZg,https://i.ebayimg.com/images/g/aLwAAOSw~~hl4gCq/s-l500.jpg
MATT FINISH Konzertgitarre 4/4 Classic Fichte MASSIV Korpus Mahagoni HG80+Gigbag,Brandneu |,"CHF 76,10",aus Deutschland,"+CHF 27,82 Versand",https://www.ebay.ch/itm/143438725806?_skw=Gitarre&itmmeta=01K97Z365M4HEN7G7WHWR02EYZ&hash=item21659d42ae:g:jQMAAOSwYUliFfzC&itmprp=enc%3AAQAKAAAAwFkggFvd1GGDu0w3yXCmi1e8twxaQXVRbEtQdQbXgZpI%2FD2EUM5aQn%2FBGzGcZ1eDHjbRtD%2B%2Fwk%2B6ObykwFc2HLR8%2FGsWEIczNgn7DVlARkuPGRusPv6ir%2B%2Fwj%2BhEeP3j6Ny%2BXZ9GYp5p40nHbZ4HHXEZZMiVy%2FTII9lwci4Fy9rZE5SJFr0jvjYtHd51M21A%2BLwt53toquOVEDnz25C0ybe2df9PCBGyUuNJZ3Qssp%2FuHe0KE9%2F1RcvnymP9BopOpw%3D%3D%7Ctkp%3ABk9SR6TjjP_JZg,https://i.ebayimg.com/images/g/jQMAAOSwYUliFfzC/s-l500.jpg
The STRING BUTLER V3 - CHROME - GITARRE -NEW WORLD OF TUNING,Brandneu |,"CHF 29,60",aus Deutschland,"+CHF 6,77 Versand",https://www.ebay.ch/itm/172614145016?_skw=Gitarre&itmmeta=01K97Z365MJGP873XJP5YDFTS9&hash=item28309ad3f8:g:emsAAOSwc-tY66Ag&itmprp=enc%3AAQAKAAAAwFkggFvd1GGDu0w3yXCmi1dgt2cuSV2Gds1YKiiEKeB3vi%2FgQKcObGg%2BIRF2JIoFD27df%2BBKGQtlHP2uPsZ9sJyl9gk4kd1Tr0TiQw0Kxl4ooSGFoau79ez%2FdrjOX5OGn9ihyRNYyFuK7MzlAEPE6lIhWeQWcBpTVh%2F3cSAnhQxw4nkU9enDUqXASePCDjfdw3pZh2vR6bDWJlcPbjbJa0xdZhABxkehRXro6VjeEOtW7GOEmAs1xhkq9FhpIQh%2FLQ%3D%3D%7Ctkp%3ABk9SR6TjjP_JZg,https://i.ebayimg.com/images/g/emsAAOSwc-tY66Ag/s-l500.jpg
Neues Angebot AKG D401 Guitar pick up / Gitarrentonabnehmer (NOT TESTED),Gebraucht |,"CHF 79,50",aus Deutschland,"+CHF 28,17 Versand",https://www.ebay.ch/itm/127470241227?_skw=Gitarre&itmmeta=01K97Z365MRE3HWSRAAW3QJ8RT&hash=item1dadd185cb:g:EakAAeSwwINpCjMX&itmprp=enc%3AAQAKAAAA4FkggFvd1GGDu0w3yXCmi1fBh326z9yDbZUwPoN2AURC2JAFukhYX%2BZxEI7vmhjUZTtKx7IE1ofTOiY8ki7%2FHquslSY%2FUgQaUc8FeINh8hvl3AbeEp0DfgifYKwDqaRmW8nDF%2B65ZiDWPzmDGbmE%2F1uddfOnk7TEL6I0n%2FllPAiY1Pwx4S5Uj0Hgd0MKE2duJmiAdfrxSzndxfxpnjELVwR2GEUD043nZYwEdogwdbbMZhbmQ5x8%2BlXGo%2FfeBW4oUqjQhiDtGUCudQLFjqWEq%2B4cANdofgqp0Wm7i8fJ0EhP%7Ctkp%3ABk9SR6TjjP_JZg,https://i.ebayimg.com/images/g/EakAAeSwwINpCjMX/s-l500.jpg
"Gitarre,4/4, Tasche+Band-IM SET-Kapodaster+extra Saiten+Stimmpfeife!Modell, 22",Brandneu |,"CHF 41,43",aus Deutschland,"+CHF 30,36 Versand",https://www.ebay.ch/itm/191542499532?_skw=Gitarre&itmmeta=01K97Z365MB5RWKQT9P02BQAXF&hash=item2c98d298cc:g:SvsAAOSw5cNYkxtg&itmprp=enc%3AAQAKAAAAwFkggFvd1GGDu0w3yXCmi1cXlDJJ8QnKIkFVzGLvoJGVDTJNmgm0g7JbURaQp1guwlyENvqu8G77BUU4eNJAWr1YzRqfOVEgHCp7HywcetGw6rgHNQfCnU%2BDrP1dz1ExEmHbeFw1fy2ylaeRXDrVLvuvEgZeYzE4b32fAiRv9AR%2B9ebjfXRS%2FtT1kfUH6gWx3JR3lvQ0VQ4PvLzsXeGxCpk2xEShllsOEXHN%2FrZ6M9noUyXCVMQiTJM21QrCPsXXiw%3D%3D%7Ctkp%3ABk9SR6TjjP_JZg,https://i.ebayimg.com/images/g/SvsAAOSw5cNYkxtg/s-l500.jpg
"HOCHWERTIGE Konzertgitarre - Massiv - 4/4 - Classic Jose Ribera, Y-HG80 Mattlack",Brandneu |,"CHF 84,56",aus Deutschland,"+CHF 27,82 Versand",https://www.ebay.ch/itm/140730817457?_skw=Gitarre&itmmeta=01K97Z365MDSXVGQCSXVERVJCP&hash=item20c435dbb1:g:yaUAAOSwaYtiFLdR&itmprp=enc%3AAQAKAAAAwFkggFvd1GGDu0w3yXCmi1cyeFS%2FdsB%2FZuZTSd%2FdEtelJPQ8JZQPUqhlieRk5atH7iH48mdTknkBfrL29yiPYXZvBcecnoARqgUuZ8vnSHeRSZmw7s%2FsH1%2BZp9RUCxv9y9QfwVqXrY2%2FAlNkbyii0TTrJwKcqRTlHO4BZY90cYHLfy8KiqAbRELK6TN3x0yFE58yjbuYZiTBcJmWqD1hsDV87hrSpojCKKemWD5OY9uz8SHHvkddb9%2BMYBO%2FlTIigA%3D%3D%7Ctkp%3ABk9SR6TjjP_JZg,https://i.ebayimg.com/images/g/yaUAAOSwaYtiFLdR/s-l500.jpg
Gitarre/Westerngitarre links-/lefthand 12Saiten-Tonabnehmer-natur-schwarz-EQ!n,Brandneu |,"CHF 88,79",aus Deutschland,"+CHF 30,36 Versand",https://www.ebay.ch/itm/140624625260?_skw=Gitarre&itmmeta=01K97Z365MD1BDF9FXVGKYBMX1&hash=item20bde17e6c:g:MogAAOxyOlhS6MHJ&itmprp=enc%3AAQAKAAAAwFkggFvd1GGDu0w3yXCmi1edL2Y%2Fo6YvHBCPhczZVLzzpeLRhCh0cAaxxvqGjfGbM%2FnmiLzZH7wcLYFSReC7CFmR0c7OHrV1IDuPCVyTg8bOHWdZVe0VO931N9mjwByKmd%2FHloq67pqxCt0LwuvhEFFqpvgSIq6zAMc12IMYTto%2BoB%2BKiyxd17HazzwZSkOOl19DDnn9iHXcaOiZWSnXlPc3T7G1HQdLR%2Fa2woir3ofLjOXhGhj15--MMDGteSHU%2BQ%3D%3D%7Ctkp%3ABk9SR6TjjP_JZg,https://i.ebayimg.com/images/g/MogAAOxyOlhS6MHJ/s-l500.jpg
"Neues Angebot Ansichtskarte Musiker des Medium Terzetts mit Gitarre, Autograph",Gebraucht |,"CHF 4,03",aus Deutschland,Kostenloser Versand,https://www.ebay.ch/itm/136703384340?_skw=Gitarre&itmmeta=01K97Z365MMH6PE5BG3GBMRWE7&hash=item1fd4281b14:g:5F8AAeSw4atpCiRq&itmprp=enc%3AAQAKAAAAwFkggFvd1GGDu0w3yXCmi1cUB6dKvSEOBRVB31JH2PfKYtN%2Ftqf6q%2Bf0tMFINMQrk8nlW3V2ZoPXRDuxa4aCrnCXw%2F1lH0wwaOxT7wFKZB9A38vFtli7%2Bl2hZ7%2F5OqcYrh1jhQ60bqK7u8UwN8UfR0B4UdPYe%2F7R%2BM4RIImPnhBGd9jMKFlFTgVs4%2Fj5jWecNi%2FZBJG2tbuK%2BOtdNHglWfPU4zuZJWERT6ZRbTprj2vNZ6U6WvIoIk7pcK8qxHr0Gw%3D%3D%7Ctkp%3ABk9SR6TjjP_JZg,https://i.ebayimg.com/images/g/5F8AAeSw4atpCiRq/s-l500.jpg
4/4 SPRUCE FLAMENCA GUITAR Flamenca Gitarre,Brandneu |,"CHF 135,26",aus Deutschland,"+CHF 25,33 Versand",https://www.ebay.ch/itm/226903789414?_skw=Gitarre&itmmeta=01K97Z365M82K6X69KWJZ3PE0M&hash=item34d4850f66:g:s70AAeSwAupo75yu&itmprp=enc%3AAQAKAAAA4FkggFvd1GGDu0w3yXCmi1cPbc6sUrXyCxgJiZJ%2F%2Bq%2BqTC4Mk8Yt9wpmbSW%2FwaosX5kVEpqG2rwG6gEgqQRAr6K9lpzaUzs94g5FhTCd38cAh3Qjtc3NsW2IL4LP4G71fGyPFcCfYxBmKoWQyTLD8jJeFcJTB%2FjP5igo8Ht7nEgV6js482gJijwqk9KqHV1EwyPLASGqRY3n9YksqVaS052vpHruJjwXaK3kLoZkJujWK1y6DQ8U14CVQGqpvCwm3idLtXmyv3F%2BwJiVgXAuX6osnDTHusyVfai%2BxsOsgoNj%7Ctkp%3ABFBMpOOM_8lm,https://i.ebayimg.com/images/g/s70AAeSwAupo75yu/s-l500.jpg
4 Stk Elixir Akustikgitarre Saiten Phosphor Bronze 6 Saiten NANOWEB 12-53 16052,Brandneu |,"CHF 19,45",aus China,"+CHF 1,85 Versand",https://www.ebay.ch/itm/316527793381?_skw=Gitarre&itmmeta=01K97Z365M1A8T41M886TGGBX1&hash=item49b286d4e5:g:zOIAAOSwi9xn3QYg&itmprp=enc%3AAQAKAAAA4FkggFvd1GGDu0w3yXCmi1dZVAM8bghmvnKUgG4AfCdkW7hDENV6cTWdBEqyeo5lvBb0qPb8JpQh2ekDcuB4%2BflfstHJciY%2FbcRtnI3%2F7ZplDCo%2Fab4BHSR5hayvj3%2FJ%2B%2BZswXygrbRr0S4ToJIhQCyHlEogEUBlfQT7ZdqFa0grusu1f87ewfST0DnZO27quIs4myhQzh7nAUKYXpNmLB6iaGX%2FUTKB6CKzyYaCppYfuQNFMopdHEm7BYmRSHK68LsPVyAI6Cs%2FtshnUYpL081Gyrvrd7FUhjIiYXa%2FYHCo%7Ctkp%3ABFBMpOOM_8lm,https://i.ebayimg.com/images/g/zOIAAOSwi9xn3QYg/s-l500.jpg
Natürliche J-200 42 Zoll akustische E-Gitarre massive Fichtendecke geflammte Ahorndecke,Brandneu |,"CHF 281,16",aus China,"+CHF 42,80 Versand",https://www.ebay.ch/itm/135490070536?_skw=Gitarre&itmmeta=01K97Z365M550PDTDFXT39B35E&hash=item1f8bd66808:g:pAsAAOSwKRtnf5HK&itmprp=enc%3AAQAKAAAA4FkggFvd1GGDu0w3yXCmi1dHxmaCKwGQjIrpOszylHJNDPISH9b113%2F7mdLmluUAwjN8ZJfX%2FHbaaRrr5vTFJbbFV%2BRurN3XDjLstWm%2BLhiAA55cdGYAZyuEdnUlov5ELzcGmFS1%2F0m8%2Bgr%2FlNJTcBx%2FBJygSNXomHWGPOh9vswmpwJvInHgGJEo1VEh8WO5%2BkMZjduycOuRCYT3n%2BHVYUf8jKWqL0LVtB7rVjCBSi2gr4Wci0ewRialow41oFQ%2F1pkjiCTpa5PvzRL26zvIkXZNrA0BeDltlMQ8JHmw%2FLOn%7Ctkp%3ABFBMpOOM_8lm,https://i.ebayimg.com/images/g/pAsAAOSwKRtnf5HK/s-l500.jpg
"Neues Angebot Musiker Siegfried Walendy spielt Gitarre, Autograph, Ansichtskarte",Gebraucht |,"CHF 4,03",aus Deutschland,Kostenloser Versand,https://www.ebay.ch/itm/146940390562?_skw=Gitarre&itmmeta=01K97Z365M6W1HG6M5ZCAZ90P3&hash=item2236546ca2:g:c7QAAeSwrW5pCiP7&itmprp=enc%3AAQAKAAAAwFkggFvd1GGDu0w3yXCmi1dx%2FO%2B4Wk7c%2BIqivzivzkCIgZosRGnt9jVh9F4nDViliI7FHBFUnrUpvjc0ucjNjnAtWJ%2B2edQVtfv7Bu6Sk2YPFUaQd0fzr660A9cXY2Zs%2FdO8siSJa6Ap4b0bfekhmc4AwIxkGmQODNvzmpKwNa54ztqkAhzcawcv3aytzXAQKQBZhs%2FbIsqzXX1gMxMe4UPChCiU2yxwZm0Vtviay%2BCdHNfzsOMlP4VE%2BiqJmPQDrA%3D%3D%7Ctkp%3ABk9SR6bjjP_JZg,https://i.ebayimg.com/images/g/c7QAAeSwrW5pCiP7/s-l500.jpg
Aufkleber Rock 'n' Roll Gitarre Sticker Musik Rockabilly ca. 16x8 cm,Brandneu |,"CHF 3,37",aus Deutschland,"+CHF 1,61 Versand",https://www.ebay.ch/itm/185727390274?_skw=Gitarre&itmmeta=01K97Z365MBMWNGA2RG9GW5GQV&hash=item2b3e371242:g:yesAAOSw4pJnOeRF&itmprp=enc%3AAQAKAAAA4FkggFvd1GGDu0w3yXCmi1f9NLmwQknXUMlN4xJpFv0yvGvGPZEwyLncdWau9xbCg8Ohnr9DsOinD%2Bcy37%2FvZ1LD0%2FGCU9Y1y5QhkEJ83s%2FC73LZyLrQ5B36RLcZsjx5L%2BLQeBkbiHI6dmnvC1y1rof%2BNQTTdF217J0kk8iSh3DsrmO1qZVoUqPjqpvOR%2BimlFzUGiLAMLeCyPmB0wIoimIpCue8tM8fDySsS1WNrw8HQlelzAXkYV1zQsvo5azzICaLlHBInA0D2iJ7B6SqtJSZVowzHZAwVvctAplZ3YMq%7Ctkp%3ABk9SR6bjjP_JZg,https://i.ebayimg.com/images/g/yesAAOSw4pJnOeRF/s-l500.jpg
Fender Gitarre Bass Schlüsselanhänger Key Jack Rack Verstärker Schlüsselbrett,Brandneu |,"CHF 25,06",aus Deutschland,"+CHF 6,94 Versand",https://www.ebay.ch/itm/355485080396?_skw=Gitarre&itmmeta=01K97Z365MB4PK5FYR3RGSEHK8&hash=item52c48fdb4c:g:1aIAAOSwqGll1-Wf&itmprp=enc%3AAQAKAAAAwFkggFvd1GGDu0w3yXCmi1dyKUQSc9idgc7dmiY5xle1sm5cc2kqFd2ly2ieg2mYtopUGgyVWKTdQ10uPM3zalwU9l3k%2BBduKt6zGkD8V7d4FIhIUAi8tpQnGgZfa72vjogAwdDNIlPIYm86jKluTem%2F3gFSX8UaxUhQeCOxQpgYVGqdJoGQldbXR0yE3yM7UhBsMyr%2FgBDryj311DyeiGpR1PB5Zlno%2Blv%2FQKBQaY%2FzV25M0ugMpo90aXb5IAivdw%3D%3D%7Ctkp%3ABk9SR6bjjP_JZg,https://i.ebayimg.com/images/g/1aIAAOSwqGll1-Wf/s-l500.jpg
"ST Style HSS Gitarre Pickguard Scratch Plate, Trem Cover, Schrauben for  Strat",Brandneu |,"CHF 9,48",aus China,Kostenloser Versand,https://www.ebay.ch/itm/112857031509?_skw=Gitarre&itmmeta=01K97Z365MD48EQB4PH3Z7G2MF&hash=item1a46cda355:g:mnkAAOSwp0paokUW&itmprp=enc%3AAQAKAAAAwFkggFvd1GGDu0w3yXCmi1ccz5lQbS%2F%2BjHdNc2Zc7HoYLA%2B5cb0e6sIH8W7WQJicnyA8rF8Jb506Fb9nS7xv%2B9Becu0N7VAV7FiboQoUpAQLxE5QRPu1SU%2FVSdV8HZwRfKqGQZch6EJ401k1g9lyJcBgMhO3W2BxqLOnJ%2FhWDjRAPqeRsf2XfDr8Gm7ecWldy8%2FswPMmyKOQ%2BQLC7WkWjqNdsLir6BDcUMgiy9acW7UNSBDiC%2B53Sz6eYeDwcfzwRQ%3D%3D%7Ctkp%3ABk9SR6bjjP_JZg,https://i.ebayimg.com/images/g/mnkAAOSwp0paokUW/s-l500.jpg
"Neues Angebot Ansichtskarte Musiker Jerry Rix mit einer Gitarre, original Autograph",Gebraucht |,"CHF 4,03",aus Deutschland,Kostenloser Versand,https://www.ebay.ch/itm/136703414463?_skw=Gitarre&itmmeta=01K97Z365NJJ2H83C06AVFDY6Y&hash=item1fd42890bf:g:vR0AAeSwA95pCiUr&itmprp=enc%3AAQAKAAAA4FkggFvd1GGDu0w3yXCmi1dqz94eBT4gMnR4rrnIv7zqRlEGY5hrpqHbzhLsRsGQzmqV%2BySbDxndhkC7XB0oud9TQzh%2FQYWFKs1a0le9%2FseTeupWN%2B3pBBsb7KJy3eSyqOAsK3BBzydgMy20KPzLQK0vsQ4mFLp4wgI0a4wTwDxNOrMH40gjvLRylExEBbsAPKyT39trXKLTNSeayXUZuCzvQmXQfTXbxZzp%2FQ%2FItDKq1ilIfn4oUO4XtGdeH62v%2BRyywboXsK24G8PpH0hc1aQgTNI7oUF5keREHrPfWhM1%7Ctkp%3ABk9SR6bjjP_JZg,https://i.ebayimg.com/images/g/vR0AAeSwA95pCiUr/s-l500.jpg
Positive Grid Spark MINI Schwarz Bluetooth Gitarrenverstärker NEU,Brandneu |,"CHF 138,52",aus Deutschland,"+CHF 13,87 Versand",https://www.ebay.ch/itm/406168153687?_skw=Gitarre&itmmeta=01K97Z365N32NWF1QYKAEQBXK1&hash=item5e91822e57:g:ZBgAAeSwxKhosA9Z&itmprp=enc%3AAQAKAAAAwFkggFvd1GGDu0w3yXCmi1frFA2GWDjLcLkh2kZqlm9qGgrF7lH0qU6iMuuZ6jWQptsyNMt2%2FsK4TngGLmJs%2FCHcTElttTVgNccUgTZCWH6V1dj50wK0B14JDVLG33OU8Wy05usxihv7cSEZQaOJMSBwe93HvbAPGSwBozDbK8ZW%2Bk60N7ZJdIuBAxAgowM0LIssL9g7LjwrLQfp8z%2F17TGXmlsSxtCAv1d%2FT4WnO6rd2pQxErp5cECjHT%2F91nU0LA%3D%3D%7Ctkp%3ABk9SR6bjjP_JZg,https://i.ebayimg.com/images/g/ZBgAAeSwxKhosA9Z/s-l500.jpg
Kapodaster Capodaster Kapo Capo Elektro Akustik für Gitarre Guitar Clamp 7 Farbe,Brandneu |,"CHF 2,92",aus China,Kostenloser Versand,https://www.ebay.ch/itm/254718882693?_skw=Gitarre&itmmeta=01K97Z365N4X8CSGKXWBM1GA8S&hash=item3b4e6db385:g:a5MAAOSwZd1VYsGV&itmprp=enc%3AAQAKAAAAwFkggFvd1GGDu0w3yXCmi1foTOiuA1tG2oIcJNq9g16IbucPDucNMoVnnUkpFl89UD2%2FSwsSuDZp2aX0La0O%2FAxnoBhbcVoSP2Aa0mR3amrDlsbGo8c51ey5UuCioOqcgnt2tVK4QsMEr0KUFSFndmgLZRfyC2xBnkFyBshBlkmCbvoBaoq7Dtx86xC19PRuxceNpc1gMWSnpWb6vGk1eEMNMnOveEUwsPubrCKt2eVBiNKL8QI1MSZZhWplrSAorg%3D%3D%7Ctkp%3ABk9SR6bjjP_JZg,https://i.ebayimg.com/images/g/a5MAAOSwZd1VYsGV/s-l500.jpg
ag98★Woodstock Taube Gitarre Aufnäher Bügelbild Applikation Blau Patch 7 x 7 cm,Brandneu |,"CHF 4,22",aus Deutschland,"+CHF 2,95 Versand",https://www.ebay.ch/itm/112401184575?_skw=Gitarre&itmmeta=01K97Z365NTZNRV20N8WEPC49J&hash=item1a2ba1f73f:g:GoMAAOSwZ4dZEVqX&itmprp=enc%3AAQAKAAAA4FkggFvd1GGDu0w3yXCmi1dvbzCYvv%2Bp%2FzDS4lwi1vG4nuW7eougINHhdyieTAQ79NgzZPL6yXfyTsEu4Y%2BPkI45om3qN6nafHvqTRJSnkgeLGv9mfso22N3IQWzxmYSanIzQBEoHsnNzMJDvt4uAl5szIwyy5LsBEuvTjFFxaVb%2BKiIgO1mGvsz4AglJgtQQZXFduKaAEvwwLo0ItDrdLfeK5lUzNgGs6fU7jU2W4WhQT3Y3GgolkdjJiK5AQTkRP1OIcnaCaV%2BKSTuRP5rL5bzRkYTdnPwuckmII3BH9IF%7Ctkp%3ABk9SR6bjjP_JZg,https://i.ebayimg.com/images/g/GoMAAOSwZ4dZEVqX/s-l500.jpg
Daddario EXL117 | 011-056 | E-Gitarrensaiten | Medium Top/Extra-Heavy Bottom,Brandneu |,"CHF 7,19",aus Deutschland,"+CHF 10,15 Versand",https://www.ebay.ch/itm/326462885073?_skw=Gitarre&itmmeta=01K97Z365N5RXP0ED9QE6J88CN&hash=item4c02b44cd1:g:fqgAAOSwPmNnv4S1&itmprp=enc%3AAQAKAAAA4FkggFvd1GGDu0w3yXCmi1ePDKUN7x29vA88yK%2B2aHZtDJybEhT3%2B%2BxQJUhibufe2mBpZFW1rHoZJ4wHk99b0LjP0QBctpKKl87cF%2FHGjtwhnP0KQMgmslGMO9SyoE2xinPa5WRNE3YYmW%2F4DClZ1YWoXQnKB9tSGy4fi2f%2BG3Prj%2FFc9i7OMCsL24SZgIVj7toCBdW4uyl3ywUYx5rugf8IqHMEL1zETXGSxXzbJdU%2BxKD7If82vms%2BgQCv%2B1nbwIMMtFQKstLq2z69YEHgD4PYIaR7LENIPBic3u%2B21PD%2B%7Ctkp%3ABk9SR6bjjP_JZg,https://i.ebayimg.com/images/g/fqgAAOSwPmNnv4S1/s-l500.jpg
PROFI NC Transparent Lack Möbel Gitarre Geige Nitro Klarlack Glanz Matt 1 Liter,Brandneu |,"CHF 17,70",aus Deutschland,"+CHF 13,49 Versand",https://www.ebay.ch/itm/333130739598?_skw=Gitarre&itmmeta=01K97Z365NSDQPCWWCXDMDR2YE&hash=item4d9023af8e:g:IfAAAOSwxBpoEhnc&itmprp=enc%3AAQAKAAAA4FkggFvd1GGDu0w3yXCmi1dhChjYXeR%2BS%2F2FBMr6yP5Ju1SfwtP44WlvSlFPncyjaTL0EGRX0Tg91JNEGNGs9oDRYEiH%2Ftakc7PHDKKSuAyq17Z7W4UhaTdl4S8wJLG3bEC847S3O5wzfwp6esg5veywBzFZoByFE6J4ixsN0ZM69j5%2B24Z7JJbIBZwaaCKmVhcRiymK9px4IzBwzNJ8khRELL7LyiPg2CR4dGYYXNMVNJIrKVaGJ7%2FWXgOfjvFuVsEAVIllH88oWrbNjC240O%2BWk6Pn78TQ3y4pxBGADIAy%7Ctkp%3ABk9SR6bjjP_JZg,https://i.ebayimg.com/images/g/IfAAAOSwxBpoEhnc/s-l500.jpg
Neues Angebot Akustik Gitarre Tasche Gitarren Tasche mit RüCkseitiger AufhäNge Schlaufe f7775,Brandneu |,"CHF 12,19",aus China,Kostenloser Versand,https://www.ebay.ch/itm/167904199684?_skw=Gitarre&itmmeta=01K97Z365NRQYFHRHE5FC4547E&hash=item2717dec404:g:otcAAeSwO9ppCdDJ&itmprp=enc%3AAQAKAAAA4FkggFvd1GGDu0w3yXCmi1eYpQ5I10P%2BzEmk1mmERdMfR%2Bdws7ofilNTeygDtNfcuOj9lRKr7fa5IqiiD%2Fb38i2rpFqhD6EzYfQkQ1gkEcy1hh4KnmhSusk9dWvGYqAiYVzcb9QQ7juGFSL7yKNxy2%2FdDX6PNRNcyEWzx5r%2BkO0bp4BLuqgHLzcO0IM3unsKfSDVDJyzneaR7qwt4JW0e14%2BCfh6O2YgdJbWu40orR587mnCJiL8KWmVdLZ8D6PeAPIkWyY9MVwxS8jVoTOiispBPkiEk9OnpnKlzQJ6HTGo%7Ctkp%3ABk9SR6bjjP_JZg,https://i.ebayimg.com/images/g/otcAAeSwO9ppCdDJ/s-l500.jpg
Daddario EXL148 | 012-060 | Drop-C-Tuning | Extra Heavy | E-Gitarrensaiten | NEU,Brandneu |,"CHF 6,68",aus Deutschland,"+CHF 10,15 Versand",https://www.ebay.ch/itm/326197164052?_skw=Gitarre&itmmeta=01K97Z365NPY5RYVWCH2KR1K13&hash=item4bf2ddb814:g:Uh8AAOSw0hJmkWPf&itmprp=enc%3AAQAKAAAAwFkggFvd1GGDu0w3yXCmi1eTIkffrYo35EqidVKEY%2BT7WWd9XDIuAV%2FyYnBvdrYxmTEFCOxC8C1Fcz8F9987dcT0edZUPF0kUXgw0RCB98AztRA1GxbhJpOooi9qGbVaSrQ0rPKFPMRwCjxr03YqCtf2ReAL3Iv5dcKF8GvSrDf2nDX5phQOL3kOD5qKtgsE6%2B2shVsFL%2Fa3vad2aMTT97HJ7sQjOTXtL%2FAZjpKl9SohO6wFjaZBswff5vsWat0A3w%3D%3D%7Ctkp%3ABk9SR6bjjP_JZg,https://i.ebayimg.com/images/g/Uh8AAOSw0hJmkWPf/s-l500.jpg
Neues Angebot Miniatur 800 Silber Figur Mandoline Gitarre Instrument Puppenstube Zubehör,Gewerblich,"CHF 88,56",aus Deutschland,"+CHF 12,08 Versand",https://www.ebay.ch/itm/197829301124?_skw=Gitarre&itmmeta=01K97Z365N496YSQ5MDCF2SYPZ&hash=item2e0f8b9384:g:h68AAOSw5mlj0P1R&itmprp=enc%3AAQAKAAAA4FkggFvd1GGDu0w3yXCmi1ch8DJkR3IUvM%2FIEwBW3LqKLxPuIAmicr6WZIS3DPICS%2BrxNv6a4DtFbD4jpE7RorXLcghmHI62f%2FA%2FQ3ubT1ckYG64kqe6%2BuCqQaxoy9HPmZOgvJi5TGvoQ34JIbecuIRYbKkJwVdidLNCbKfXd27dTk2l6nNq7487keUSZ7BkHdwvVwO2tGrhq%2BWgS%2FHzki4x24Kq78w0QuKLI17BoIjvbgYQhEfA6JDC6rDfXu9Ok6qFy4ePP5E75WTLarTnZJxt5WuJjUUilQJrkhZyXkXh%7Ctkp%3ABk9SR6bjjP_JZg,https://i.ebayimg.com/images/g/h68AAOSw5mlj0P1R/s-l500.jpg
TE T-style Thinline Gitarre Schablone templates Gitarrenbau,Neu (Sonstige) |,"CHF 53,23",aus Deutschland,"+CHF 17,76 Versand",https://www.ebay.ch/itm/233493258694?_skw=Gitarre&itmmeta=01K97Z365ND96ZY1ZZW4JFDW24&hash=item365d4861c6:g:87gAAOSwi1ZeRCp4&itmprp=enc%3AAQAKAAAAwFkggFvd1GGDu0w3yXCmi1cUOm0Q%2BLiWDz82XZSnI1LraeipjYqduzomNXjv44Bs9dthChwYdjCOMS1dTTn8Jql8TD0bV1gEDHdrfejLB1mdff%2FM%2Fggp4ObjrTxpasNblmtXarauBtyzkFvrd88LBxVLMLUE%2BBqQuyvemIyXXjAqj4i6%2FvFxPXmqatd6GgEvOynmnAMt1ZPvjM53xPIDDmBwXhqRdg%2FlwPGTu800mhy8Un8CAVwQDVTq8pFm40YRpg%3D%3D%7Ctkp%3ABk9SR6bjjP_JZg,https://i.ebayimg.com/images/g/87gAAOSwi1ZeRCp4/s-l500.jpg
Neues Angebot tracking num add Fee - cinestra,Brandneu |,"CHF 6,11",aus Südkorea,Kostenloser Versand,https://www.ebay.ch/itm/167904968878?_skw=Gitarre&itmmeta=01K97Z365NVSQ2JM0TXWJKQ2ME&hash=item2717ea80ae:g:t6AAAOSwwVdnOYyh&itmprp=enc%3AAQAKAAAAwFkggFvd1GGDu0w3yXCmi1eljGr716AfTuPJQYpWgon4xkXXhyexPzBxinoK07SCwKGgzcZ%2FEuo2PC6pkPqXHTnLzDSm2DIN4qJySWnMNtzAZ0jgtYM1%2FgwWEI4frrL%2F00KO3d0GgZBh0rtBpyNAP3lhMIIIfxawl0UTCTBgPxJGCXQUrV2B1pXL6cBoNg%2FYBB2m%2BkQE3tpmHaesvXl%2BHPt6Rj8lwAlDQL9M3I2lXBMT2gle1tdYBBu2ek7VUpGrig%3D%3D%7Ctkp%3ABk9SR6bjjP_JZg,https://i.ebayimg.com/images/g/t6AAAOSwwVdnOYyh/s-l500.jpg
Neues Angebot GEMÄLDE Mandoline Troubadour Musik Gitarre Renaissance Romantik mann,Gebraucht |,"CHF 1.087,42",aus Frankreich,"+CHF 25,16 Versand",https://www.ebay.ch/itm/197828937745?_skw=Gitarre&itmmeta=01K97Z365N1HGM5K62HZB4KPBT&hash=item2e0f860811:g:tosAAOSwBiZg5zL7&itmprp=enc%3AAQAKAAAA4FkggFvd1GGDu0w3yXCmi1fWCg%2FMj9ybrsGOEMVK5Z1gU%2BbGpXWlGur6uCRnrLzf8wi1CScYFftTeM3m3T9wOXyoFpZNMHZFpc9CvJ9ZcgFUsQgMqzbeq%2F9ZyzbFVnRlirWXVF1481Md1RpjDY4DoT0Q6RRKuGQSCcKYHkSIb4kEG7E9PCb0pnbX36MB7WS8i%2FgswTAHoFwN9ZKmQfGFlWj4NiSvksOWctyskmXkOjDtpD%2BdGF13zINuSwExHbFs6uIrLICFXQwboH9d12L2l3Dpw6UT06fhuq4HssmMRh29%7Ctkp%3ABk9SR6bjjP_JZg,https://i.ebayimg.com/images/g/tosAAOSwBiZg5zL7/s-l500.jpg
Neues Angebot tracking num add Fee - xsvenii,Brandneu |,"CHF 5,24",aus Südkorea,Kostenloser Versand,https://www.ebay.ch/itm/167904972630?_skw=Gitarre&itmmeta=01K97Z365N680FV2Z13578Q64A&hash=item2717ea8f56:g:t6AAAOSwwVdnOYyh&itmprp=enc%3AAQAKAAAA4FkggFvd1GGDu0w3yXCmi1c3agqjRq4vIIL%2FpuygDp38mG6oYNmAvpQm5jwWOjuZUYNHQbTPuFE22BQc49NoFAtKteed61AJdnAYmhh34JSdsjIDIMqkNTXnvBi4%2Bir7qmeYU3%2BqANWRqlq%2Bv1VL8Sfc15QZ3eODUFHipP%2B4r2DIMqPFdUb0RalotNFj5W3PU%2FC64C6mgQH5GzA49b6A%2B3kZJB1sml1EkSWvffcmVIzmQqmdKFS3LnP9HlKiHgUz8v5G6QzQKvKIX4BRLrYvZZrdQ9MSKLk%2BnrD4a%2BtUXUwG%7Ctkp%3ABk9SR6jjjP_JZg,https://i.ebayimg.com/images/g/t6AAAOSwwVdnOYyh/s-l500.jpg
"Neues Angebot Jazzgitarre,Höfner,E-Gitarre,Pickup,Verstärker,Geige,Bass,50ziger,Gibson,Blues",Gebraucht |,"CHF 2.466,97",aus Deutschland,"+ CHF 199,82 MwSt.",https://www.ebay.ch/itm/127469422791?_skw=Gitarre&itmmeta=01K97Z365ND6V1J17994EGR24G&hash=item1dadc508c7:g:PY8AAOSw~uZnwD5b&itmprp=enc%3AAQAKAAAA4FkggFvd1GGDu0w3yXCmi1dhk5RKnlS7xBHC30pOPDa5N6j%2BFBkIGgJz%2FWTL%2F2yAuk8C7h4S%2FZfO1is7tZyLDDFZ6kc7xG2zWMiskY0ktTS7MM0jASq9sCTzhz0%2F7p%2BMfDNVZSaNkdwmfcez9Fb%2FejX3%2FR7k7R9V%2BcYc6RDzCInd6WiNyfs9CjMMeMze5cGypmM88UQ9o4GG%2Fr6YbXMp%2BOkpxcCwJB%2FtEk%2FAuusZze1HsUC03JHS3cv5df%2BYY%2BagxTHZsOV%2FmZ%2Fd0WfSiQgjOclKEgLgY1vtu4dJqZWyazsw%7Ctkp%3ABk9SR6jjjP_JZg,https://i.ebayimg.com/images/g/PY8AAOSw~uZnwD5b/s-l500.jpg
Neues Angebot tracking num add Fee - hopefulmic,Brandneu |,"CHF 4,37",aus Südkorea,Kostenloser Versand,https://www.ebay.ch/itm/167904968030?_skw=Gitarre&itmmeta=01K97Z365NRXDZ0RZEQDH1DNA0&hash=item2717ea7d5e:g:t6AAAOSwwVdnOYyh&itmprp=enc%3AAQAKAAAA4FkggFvd1GGDu0w3yXCmi1fkC3aFdee9IVHA60Xp05slJ0TmxkVC%2BWvWzqyMiQUUx5ZGVdWeBqP6XLVljyic4JXcxSum9RrWQCj6nmVB49BxzvxoN6QRsR6USm3eBf73Zyu%2BMmsFExkmyRjdAE1LnD6oJDUiIf0bV%2FYVnCz6nNNoxLkX2ApgEUZGDrADuGxelDp5mUBT0YQ2QvtGHNcS3hJw7pbNTrpOEJiPqIX1jlxKoJOcs9O4mwr296ABiuewLrCj4HtM51v6OnlBfruFgY2MC6K0guKILBSarF06qH6t%7Ctkp%3ABk9SR6jjjP_JZg,https://i.ebayimg.com/images/g/t6AAAOSwwVdnOYyh/s-l500.jpg
Pickboy Carbon Plektren Plektrum Picks Pleks Plektra Plektron Gitarre 6 Stück,Brandneu |,"CHF 8,45",aus Deutschland,"+CHF 4,65 Versand",https://www.ebay.ch/itm/303325326664?_skw=Gitarre&itmmeta=01K97Z365NXZCRQGE1QR019S4H&hash=item469f992d48:g:EuwAAOSwT5tWQICi&itmprp=enc%3AAQAKAAAA4FkggFvd1GGDu0w3yXCmi1cCgP06NCAn6skNzfaiTL4R7LwWVDawNIwhL5%2BXqP2Ygi%2BNcPbhI89%2BGe7BoftPrmYAR9O2gHDtu%2BybCwguBjzxFGSSjQ1IeWtxD1q70QtXBOevCHEoXHGfhcXAktsmwZk67tR0U9fwuAqBSHvxB55t%2FT8SJ2qa%2B2CUrUYjbqvPhFmnqd5awzqAVRNfrJLce%2BHnKks24wT98BidFwxnU29x1WbhdwZfppuwFRCWSl0%2BStNnfe6cdPtO2OzCEinRFXQebEP8NQnE0ZAzvXpST0p8%7Ctkp%3ABk9SR6jjjP_JZg,https://i.ebayimg.com/images/g/EuwAAOSwT5tWQICi/s-l500.jpg
"Jay Turser JT301 Black ST-style E-Gitarre, H-S-S pickups und Tremolo",Brandneu |,"CHF 101,47",aus Deutschland,"+CHF 16,29 Versand",https://www.ebay.ch/itm/266615945408?_skw=Gitarre&itmmeta=01K97Z365NGHKQQTBCY4QGF869&hash=item3e138c78c0:g:v0gAAOSwnUVlouBW&itmprp=enc%3AAQAKAAAA4FkggFvd1GGDu0w3yXCmi1epI80YUnTurxZEY4AF8TAEloNWP6JbYDK%2FP7lzURTrmb8GOJAoLntXheQwNyHSk1MlPgD2h3x50UM39ZHjFTSIJIavF4zcDThTtv8gUPmxeKRZj1xH%2FLnibf11GubBn%2Bye88PeMGmO0p%2B1ZQapLaktmxpaxuLlfxVAoQHKkDRgUJaxjI4DuJwhIMluXRdHSoosNzglV83FCCwlXXORpGWnXR7%2FoqKhEPYWiNhc0JBKemyXyYU2Z1n5M5wL3W%2FnlG8V5lUMsHE0K7RHwcA4Nxeo%7Ctkp%3ABk9SR6jjjP_JZg,https://i.ebayimg.com/images/g/v0gAAOSwnUVlouBW/s-l500.jpg
Neues Angebot SQ E-Gitarre Loaded Prewired Scratchplate Gitarren-Schlagbrett E-Gitarre1880,Brandneu |,"CHF 19,97",aus China,Kostenloser Versand,https://www.ebay.ch/itm/167904249234?_skw=Gitarre&itmmeta=01K97Z365NVWG8RMX39V937WCP&hash=item2717df8592:g:oXkAAeSwRFppCdTZ&itmprp=enc%3AAQAKAAAAwFkggFvd1GGDu0w3yXCmi1fF49GrlOVedSc68Q5N%2BUxjTUUpOD6jOzpbHDDVpl6I%2BHrZtd5T1FWbEiOul0a9SSoBYYc7UpZ4T6Mau6LIvscN%2Fo3sXzrYS0OLsBYj7TedVAytHA%2BmOIpCk02EnvtxuHi6ZsMk0Dq0L%2FwimAx1aFs0hYzGHRQzM5vTy9MO1BV8igilriu3xBD6imSf3jJ7ynIs%2FhxdtZZwzp28h8BuTQCRPcqM1FGQaLRA1WTygzoeFw%3D%3D%7Ctkp%3ABk9SR6jjjP_JZg,https://i.ebayimg.com/images/g/oXkAAeSwRFppCdTZ/s-l500.jpg
"Neues Angebot Fender CD-60 Dreadnought V3 Akustikgitarre mit 2"" Gitarrengurt, Koffer, Plektren",Neu (Sonstige) |,"CHF 271,67",aus Vereinigte Staaten von Amerika,"+CHF 47,77 Versand",https://www.ebay.ch/itm/136702919598?_skw=Gitarre&itmmeta=01K97Z365NWVE5CYSY1YKN53E4&hash=item1fd42103ae:g:mTQAAeSwMOppCgnP&itmprp=enc%3AAQAKAAAA4FkggFvd1GGDu0w3yXCmi1fd%2BvSGFkkYci9KBQOBofU21iuQ5CQrfXcaIYROb68Thr8KCy5uP51A9jo8kFBFhcymRVxVpZrrE3gkRXIE7d6WeQbcwTt48RNljifKEn8pP%2BXPrA1qC7%2Fxh0hBpktBJjAhDMpdE2M8Ml98odxCG5Gtqk%2BYrPC7t5gjt%2B3vNTaBWAZFL0SkLFO9sR8xh50cENWm2GLE1St7Xp9H7NGFE9HiVkDY0qYtAJhB5tkKty6%2Fe3QIZIDS4UJDgmKmNpnH8hebNtuZ2XOkuf1%2F3nU5Z7h6%7Ctkp%3ABFBMqOOM_8lm,https://i.ebayimg.com/images/g/mTQAAeSwMOppCgnP/s-l500.jpg
"Gelbe OM42 Akustikgitarre 6s Inlay Abalone, kein EQ, SCHNELLER Express kostenloser Versand",Brandneu |,"CHF 268,79",aus China,Kostenloser Versand,https://www.ebay.ch/itm/197648181817?_skw=Gitarre&itmmeta=01K97Z365NG8DV02A76WCZMG9B&hash=item2e04bfea39:g:x18AAeSw0RporaER&itmprp=enc%3AAQAKAAAA4FkggFvd1GGDu0w3yXCmi1fgO2q81fpw%2FkNYH%2B4GMxBuzrQrXA5l4CZvtbiJLZXGb2A6ud51bgtxNak64T5HyZ56SHGn2RSbJU3LeWHpZKHDGyVuyv5ZNPtA9yphL%2BZ8o16z6S7nKhTjSGyb69cpEoSIWoz2Deq%2FuKQoS%2FO3WOjPoRSvf11dRbeARBlejgo7LkmKswEwx2luV1rfdeRu3%2FwRY7lbWp5JZKQE4%2Fd9Tsr0vpdHWg1HUjPR6s3st7uSF2Uz04GtlwIxcVi3qvFkCViR%2B8kNIIZwQe%2BHbCkx4vzX%7Ctkp%3ABFBMqOOM_8lm,https://i.ebayimg.com/images/g/x18AAeSw0RporaER/s-l500.jpg
Neues Angebot Miniatur 800 Silber Holz Gitarre Instrument Puppenstube Zubehör Alt Filigran,Gewerblich,"CHF 68,43",aus Deutschland,"+CHF 28,18 Versand",https://www.ebay.ch/itm/197829312455?_skw=Gitarre&itmmeta=01K97Z365N86MY2AC79QPEF2JN&hash=item2e0f8bbfc7:g:nY4AAOSwNX1e8GfU&itmprp=enc%3AAQAKAAAA4FkggFvd1GGDu0w3yXCmi1cs6AqlUYpq8UVLVwpqk15C%2B7ZebgjV0HgSovAWuQGGjE%2F9MrVD4o%2FK3uD6N8Lx3kb1X67hhY5gi4XibVjwqqlhEM%2FsZ023LrBj5OV7AiV8xRLn%2Bg%2BjYXyY9c%2F1aAMsHS7b%2FrCj%2FCEvtG054REYrlbHw6argkS9BZjbw3fmLuMnZUg8xdFqmfyEoRf%2Fp%2FWstBmspacFDX%2FqlCDAyVZRVl8JjHPa5ifzOJz0EEzYD12JQM%2FU3bKXmrZMsJwTpzXjZhmhUockwsuN%2F5xZechR%2B2CU%7Ctkp%3ABk9SR6jjjP_JZg,https://i.ebayimg.com/images/g/nY4AAOSwNX1e8GfU/s-l500.jpg
"Neues Angebot Werdin - Russische Suite - Blockflöte, Gitarre & Bass",Gebraucht |,"CHF 5,58",aus Deutschland,"+CHF 8,84 Versand",https://www.ebay.ch/itm/177546814423?_skw=Gitarre&itmmeta=01K97Z365NBDT786MP408W081W&hash=item29569d63d7:g:12QAAeSwURdpCbRz&itmprp=enc%3AAQAKAAAAwFkggFvd1GGDu0w3yXCmi1fGaSqdvdzkcnMgq3Tvanwt6M9ENr4iMRgKG4GhvfZ7ATxUfBfZ%2BUvePBQtoZFYbm18Q85lFfuRcKxT80n5Dh0fMAGYU8cuvc0YZimGQJqQcFv24fn5JdSF3aq3JOivFlGudr2pW8nwnbjWdx1Z3NkOuGAPbG9MROK5Nwev60aPCb3FO4UnDkG6SzMbHo43ZzZMJGMKfPZcLO6camh3CHKOwcb8dE%2F1S3lBhvPnJ9piag%3D%3D%7Ctkp%3ABk9SR6jjjP_JZg,https://i.ebayimg.com/images/g/12QAAeSwURdpCbRz/s-l500.jpg
Neues Angebot E-Gitarre spielen macht Spaß von Streetlife | Buch | Zustand sehr gut,Geld sparen und nachhaltig shoppen!,"CHF 4,94",aus Deutschland,"+CHF 2,67 Versand",https://www.ebay.ch/itm/136703581081?_skw=Gitarre&itmmeta=01K97Z365NRCEA0SKBVHY9SPBA&hash=item1fd42b1b99:g:GUsAAeSwJxFpCjdP&itmprp=enc%3AAQAKAAAA4FkggFvd1GGDu0w3yXCmi1eFPO162%2FochsIZa%2BWEblyzpPyImJwtgm5M4NtP925%2BKuFJ825nrv8zQZpoOTuO72e2mjfYQxLlynykZ6mXpVOfg%2FXAHWz2aa9RsMaEq3w%2BCKirVkZjvAciR%2BqcTWJewY34QXh49QPPfShW1SnM0qRssh3JVd1gGV1a9KNzs%2BMl7reFvitvyhkh%2BCtt1Ht0U9lmNZMxuPDiy43Of7ltisxMpovigCOO0eK8wgQUJGsFoeUllLi%2FBmI7%2FrZgZDJsUw1ixjCnWlPEdsTs9mPpstCI%7Ctkp%3ABk9SR6jjjP_JZg,https://i.ebayimg.com/images/g/GUsAAeSwJxFpCjdP/s-l500.jpg
40 WATT E GITARREN VERSTÄRKER + MIKROFONEINGANG TRANSISTOR 7 KANÄLE DISTORTION,Brandneu |,"CHF 52,42",aus Deutschland,"+CHF 27,82 Versand",https://www.ebay.ch/itm/192961810303?_skw=Gitarre&itmmeta=01K97Z365N3GFQP6J23Q9TMQDH&hash=item2ced6b8f7f:g:6ZQAAOSwlcZeVjq~&itmprp=enc%3AAQAKAAAA4FkggFvd1GGDu0w3yXCmi1dREYoCOQfSMSN6fGYegwzTXC%2BGbo8vH4lLspRXldLpNRxuXI5OBx2SOJkHKHQWpyBQDP%2FdQ1pla5EaC7qGNxnoDpLI6cQi1txyvVoNTtZOWxQ%2F2nssKoysTXFTF5dB%2B042chqgOt3Y1zlSQPBmGlJacAyoL9Z%2F0LiqmIGemRy5XoyDCrTJzdxRKFSX7Be2TVaiz37MqUPAh9dWvvNSuusRuUMnDkfqFA1rD9lX7HjnOvuNjJhKx5SLBWQwq4r1l5DWI8KqSb5HYjDJYqaYqjVK%7Ctkp%3ABk9SR6jjjP_JZg,https://i.ebayimg.com/images/g/6ZQAAOSwlcZeVjq~/s-l500.jpg
Neues Angebot Miniatur Klein 800 Silber Figur Mandoline Gitarre Instrument Puppenstube Zubehör,Gewerblich,"CHF 65,41",aus Deutschland,"+CHF 12,08 Versand",https://www.ebay.ch/itm/197829301170?_skw=Gitarre&itmmeta=01K97Z365NZZEA33GCET01D44J&hash=item2e0f8b93b2:g:mSkAAOSwnHRj0QcV&itmprp=enc%3AAQAKAAAAwFkggFvd1GGDu0w3yXCmi1cfTavQsOwLpJkDlhBeFQLqnx2yS3ethX0miTZc93o8FbKNhYt5Jlb9fUfkgnUvc3cyBEYy5m5SWce5NCb%2BqGLCIMZ1hX8HqyhSYY6FCo1KQ%2BykDFBE%2F4h2U8txNr%2B3THucpzNKk1sgAJIjsl7iKz%2B%2FRCB%2FdgAEys%2BZcUelLZPC%2Bjui1k5UBu%2BlPSxpKfN1H8smUOD0%2Fi2SHnp3Zzmd7U0%2Bv8NFj9nKKSHvAhihku9A5w%3D%3D%7Ctkp%3ABk9SR6jjjP_JZg,https://i.ebayimg.com/images/g/mSkAAOSwnHRj0QcV/s-l500.jpg
LP SC junior Schablone templates Gitarrenbau,Neu (Sonstige) |,"CHF 50,70",aus Deutschland,"+CHF 17,76 Versand",https://www.ebay.ch/itm/232409074576?_skw=Gitarre&itmmeta=01K97Z365NA0GJV6DJ7FK8QKYE&hash=item361ca90b90:g:1JsAAOSwFlxZaIdM&itmprp=enc%3AAQAKAAAAwFkggFvd1GGDu0w3yXCmi1eLB9M7tLp%2BKD%2BpGq%2B%2FBp2jRK9IYvY%2BBhboxP4akoeq%2FKkt2Q%2B6wDxeyzm7PRUlAzSYzfBeGf1VF6jPz7cdeKBgnWSg9JJLiWBL9H4MSu%2Fncis6OMUXoTc%2BZeP0NZhN7nBgjvK%2BwqPTEUos%2BYnqrwCVZm9UUjbSla5RR%2BtSPPIgING0OatbkHqlQ3hE2U863%2FlaUtpETNWCNw71PeFyKCKxsMAGnhMTR3n8zzxsmjCXLA%3D%3D%7Ctkp%3ABk9SR6jjjP_JZg,https://i.ebayimg.com/images/g/1JsAAOSwFlxZaIdM/s-l500.jpg
Neues Angebot Gitarre Fretboard Hinweis Abziehbilder Finger Frets Karte Aufkleber fuer An5834,Brandneu |,"CHF 2,78",aus China,"+CHF 1,91 Versand",https://www.ebay.ch/itm/177546183261?_skw=Gitarre&itmmeta=01K97Z365NN42BES37D7V1ZHPB&hash=item295693c25d:g:tBwAAeSwznBpCV~T&itmprp=enc%3AAQAKAAAAwFkggFvd1GGDu0w3yXCmi1c3drPF40QBC26H8IKS1nWd5Waj1m1UjzaEUoJwEyuYF1xMgvHZDut0KFbk%2FS2an0OyKWSZqk8VdMl6bg20bXdSebv2X8Nfv7e86Ba4K6B3kTs15EfKzcSrub42b7Cs%2FBKdwQ4q4HxAzRo4z2A3Ux%2F2YvxwKehPZB1TWyFoHjxbOcgEBdOiChHIHVxNv3vhedSQdkwLSJCgME3TWQMH2edTKGkQcSprnJJwexYjnCX5WQ%3D%3D%7Ctkp%3ABk9SR6jjjP_JZg,https://i.ebayimg.com/images/g/tBwAAeSwznBpCV~T/s-l500.jpg
Gitarre Brücke Einfache Brücke Mit Sattel Gitarre für Archtop Jazz Gitarre,Brandneu |,"CHF 6,72",aus China,Kostenloser Versand,https://www.ebay.ch/itm/365217125166?_skw=Gitarre&itmmeta=01K97Z365NKD85NTDW7NQ1CQWV&hash=item5508a3132e:g:WT8AAOSwHh9mtV2B&itmprp=enc%3AAQAKAAAA4FkggFvd1GGDu0w3yXCmi1fYWWeLcaIH6KnffSA0SIbgve41p70I8v%2Br4UkHRXb3SeUVyvnWLC0Pmeuyg4tKbc7i1X924oinUzqj8RYfTIZCIoKYFaQlj6BDlgaiBDBlNk2F2OP%2FBf5IjC4GC9TGygg9FY89H%2BBzQCh3KcoHjDtGqafeWZwVkyKS0NydDR%2FgO0HIDVEYqc0aMtpsNqmC%2B7qVwvJl%2FfkUrmdd%2B3BQLutyZIU%2FpW%2FpbKjZfGNF16FxOIoA2lQEHjcaP4l9TWshMZcEBRewj6v8qmbhlhX6t3do%7Ctkp%3ABk9SR6jjjP_JZg,https://i.ebayimg.com/images/g/WT8AAOSwHh9mtV2B/s-l500.jpg
Neues Angebot 39489627 - Murten Gitarre Schiff Neuchatel Anlegestelle,Gebraucht |,"CHF 7,54",aus Deutschland,Kostenloser Versand,https://www.ebay.ch/itm/157440041432?_skw=Gitarre&itmmeta=01K97Z365NWSNMVKEDYJQ654TW&hash=item24a82861d8:g:4oEAAeSwrfZpCfja&itmprp=enc%3AAQAKAAAAwFkggFvd1GGDu0w3yXCmi1eQvXX9AS%2FhX2bPW9djOnO6hZoKq61kWiYqfGrevWQPdzygtRfxfaD0XSy3QAU%2F%2BVmkBJDgl%2FD9niyJtxXQN6fH9cEUWukxs%2Fh1nJYoVHnFuNQIe8%2Fgz0NzmMdz9Wd22eL%2FaVPEtYP2sRZO2Xf9CulpsbqlzjW53%2FMHuauwo8jOEVT64cOcYEgtFFVz1mmloR8%2FXQ7XXVYY7fGFXuiTOBse5jDrEXe%2FKSMVnKMJ8jGtEw%3D%3D%7Ctkp%3ABk9SR6jjjP_JZg,https://i.ebayimg.com/images/g/4oEAAeSwrfZpCfja/s-l500.jpg
12er GITARRENSTÄNDER UNIVERSAL FÜR ZWÖLF GITARREN - STATIV STÄNDER SCHWARZ - GL,Brandneu |,"CHF 32,13",aus Deutschland,"+CHF 27,82 Versand",https://www.ebay.ch/itm/192884337784?_skw=Gitarre&itmmeta=01K97Z365NGNEFCB6WQDTDMP0D&hash=item2ce8cd6c78:g:ZMAAAOSw9-hcqwoo&itmprp=enc%3AAQAKAAAA4FkggFvd1GGDu0w3yXCmi1eI6UZHuqyp%2BeVEMAb7paB7P5PjppzcVYWfqDvrBkdrZiGb1Q6iugVMQhp9xJyjCzmY92Vd5zHOAMAMg0nYEziljZqFuG9Bc8SBhc31wh2Cu0N%2BWGgHJ0bUR1IrAYmjBOvxDhSP2NhSPnwSfbdbxCJPwDayAd%2Fm%2B7MFURD%2Bt8LxmA6DxHtFGv6tBWwPoRJ%2BSO3wObTTd7HdbUYSxEbRPbunYVw1ZREaa4HFGeLLZ8lUzfZGGsxhrRv7noU3LfC3XpHHuEz53IKUG7VWJ6Yy1157%7Ctkp%3ABk9SR6jjjP_JZg,https://i.ebayimg.com/images/g/ZMAAAOSw9-hcqwoo/s-l500.jpg
Neues Angebot Gitarren Zubehör Gitarre  Gitarre  Brett Folk Gitarre Rose  Gr5486,Brandneu |,"CHF 9,71",aus China,"+CHF 2,00 Versand",https://www.ebay.ch/itm/157438886867?_skw=Gitarre&itmmeta=01K97Z365NDJEX87XBNJ3JDB77&hash=item24a816c3d3:g:v9gAAeSwBy9pCWBN&itmprp=enc%3AAQAKAAAA4FkggFvd1GGDu0w3yXCmi1ddN%2BKagfoXeorueuruQSU7olC845mBS6aoC5bkj8ABE8bINanvFeONJXRLviOJI1Gr8A9xcixRMf7URcX29E9eQkIfgLrQqkLpwZ1%2BzOU5mDaCGy4VXLWva%2F4RBohX9DcO19VPpkA5%2FJGZne9RxsRLQK9AyDo%2B35kFm1ZFowCaXsQCPpM4id5cHqOMYNgD%2Fyt%2BqnsGukoy53d4TI0aXH8qg6TRPV9XcHu7oeVhXMHAXZUvhkc%2BIZmPQ%2BYnOT%2B66O0vQkatRi%2FeUFZaIVP6FCt2%7Ctkp%3ABk9SR6jjjP_JZg,https://i.ebayimg.com/images/g/v9gAAeSwBy9pCWBN/s-l500.jpg
Neues Angebot Gitarrenreinigungswerkzeug 2 Satz Gitarre Griffbrett Polnischen Gitarre Bun9228,Brandneu |,"CHF 4,97",aus China,"+CHF 2,00 Versand",https://www.ebay.ch/itm/157438887418?_skw=Gitarre&itmmeta=01K97Z365NNVTT5X12SAJDWV8V&hash=item24a816c5fa:g:xhoAAeSwEclpCV-g&itmprp=enc%3AAQAKAAAAwFkggFvd1GGDu0w3yXCmi1c%2Ffe4RHxvhDnSUzgMZ0dufJpcZbSnNJvs1eKg3mTc6aOag6mJHHH4ye43SKUMC1VRPMi08rvdXdhd0A2g7KXXyngSy8yoQPzAEJNT16ffqlqJvfzWDQd1pR3ptt6HbLWml9iiXCbawiJujbbFKjJ1Socd5BpTsmlWegZkvABB3iryiCG1Pl%2BnF8VW3FhM5Wf3EIho50l6zY11ULcqZsktY7sla1DfdCJC2cgpAFQvaIw%3D%3D%7Ctkp%3ABk9SR6rjjP_JZg,https://i.ebayimg.com/images/g/xhoAAeSwEclpCV-g/s-l500.jpg
Genesis - Selling England By The Pound Atlanti (Vinyl 2LP - 2023 - US - Reissue),Brandneu |,"CHF 68,49",aus Deutschland,"+CHF 12,68 Versand",https://www.ebay.ch/itm/357039124967?_skw=Gitarre&itmmeta=01K97Z365NPB56RC83RXHRG5FV&hash=item532130b1e7:g:X3EAAeSwp29oQV2C&itmprp=enc%3AAQAKAAAA4FkggFvd1GGDu0w3yXCmi1cChe9nn%2FVkYVUcNRFx4b3rYmxC45zLdRavY%2BIcZ%2BU2A3xoUb%2F0WeYjFNEZ2jOpY9CNzxQiSFZykNjdrlRbcx%2F3nRdEt2bMlJfmPPD1eX9qE6Nw275aOuUBR0a8QBiT0zCKhX9%2FJu30b0%2BlFez45nowKF329a6z23DDN8mVb3g1eGd8xh3Uuj%2FTxxuhjJOSO5zIXMg99az%2BoMoIi6RbZCaqwQYg%2BJB0ybbW2iDLHvz4W84tHj64%2FY6rpb0%2FU71UP4oeAsI70HChQST7%2FMM7zSU1%7Ctkp%3ABk9SR6rjjP_JZg,https://i.ebayimg.com/images/g/X3EAAeSwp29oQV2C/s-l500.jpg
Ernie Ball 3 Sets 2221/2223 Regular E-Gitarrensaiten 10-46/9-42,Brandneu |,"CHF 4,32",aus China,"+CHF 1,01 Versand",https://www.ebay.ch/itm/116687126580?_skw=Gitarre&itmmeta=01K97Z365NZ5RZZNEX9ASDVWMS&hash=item1b2b184034:g:VE0AAOSwWqJnT8FW&itmprp=enc%3AAQAKAAAA4FkggFvd1GGDu0w3yXCmi1eiZJJuYKB%2F0jkJVGQI4o3HVSOaqLfR3hcceR7lPQsV%2BE7Jxh8eBl1XwzmmGSznIdyVzFZrz7X8ATgKTqSHY4FsFts6dDYbMbQUjidaZpGRIC3xq1PXWGmU6%2FLOITWRTGqfi1ria2VOcw6wRaii8q0rqpUfW8WLikqLPoi0KMNCphhL9o%2BHakvKVwyYbU9rmdYV%2FjxUZ4mPz9EiQ0jAdencVR4K%2B1Ol3zUCPuIGcR9PhRHtAhfV8NSeJ2hTaP6sc%2FdMPhcDYcre2N1wSs7snD1C%7Ctkp%3ABk9SR6rjjP_JZg,https://i.ebayimg.com/images/g/VE0AAOSwWqJnT8FW/s-l500.jpg
Neues Angebot tracking num add Fee - grk-740,Brandneu |,"CHF 6,99",aus Südkorea,Kostenloser Versand,https://www.ebay.ch/itm/167904965661?_skw=Gitarre&itmmeta=01K97Z365PW85TV15ZNSQHR6DN&hash=item2717ea741d:g:t6AAAOSwwVdnOYyh&itmprp=enc%3AAQAKAAAA4FkggFvd1GGDu0w3yXCmi1cFv541ZnqJzzjs0SrfjylGh%2FKFtLntpzWWGdRe1wQAloYritLXC4UBHNwDTwjePTGGYbD1iyA%2FPy%2FvOvRtsZoRdRfdToLZIfAn7rFjK%2BThn5rUK3oLM%2Ffln6wiOoESfxP44QTqerP7q9qsxpi380qxcoLdKKGF090WgiS4lRbJLbxTPcZTZh4twQhq%2Fd3bvYU%2BGVYBuuujmu1NjhL9fpgeGlUwQkmDB1Pm%2BUQdtTdskb3mxGVubedRSTK1iEiotvMJyRMRp6zDZqS%2Bjm8aUIWp%7Ctkp%3ABk9SR6rjjP_JZg,https://i.ebayimg.com/images/g/t6AAAOSwwVdnOYyh/s-l500.jpg
Neues Angebot Blackstar Fly 3 Sugar Skull II Gitarren-Verstärker mit keepdrum Klinkenkabel,Brandneu |,"CHF 90,40",aus Deutschland,"+CHF 16,07 Versand",https://www.ebay.ch/itm/257191084345?_skw=Gitarre&itmmeta=01K97Z365P6BPBATC6WTX103XV&hash=item3be1c88139:g:01sAAeSwaJppCa9i&itmprp=enc%3AAQAKAAAA4FkggFvd1GGDu0w3yXCmi1eWItzQ8Rz%2F0hINLjTjGM1il7VNlO12CFnSD%2FDFAeObgF9E2pVYsEi94fA84isASJEDYqQNF5I9gyXd7LXv0kdKbvbVrpa30IYKEKford8z2e1UDI5bUbJpX4yDrO9OCYDVLZitCABF9EnsPddnZnWk3E3KGz2o2FYQYUFLjB42jaV0tn7JC8pyT3oUerhUU8Bu6z%2F9%2FkhMAxsPjw6PTrKCxZuWAEOXTrB1U%2B1TJjukyl7JkTTRm3fzmZNp8c%2BdnP4tmiVYknPC8lmk4B1hOcvK%7Ctkp%3ABk9SR6rjjP_JZg,https://i.ebayimg.com/images/g/01sAAeSwaJppCa9i/s-l500.jpg
"Neues Angebot Tiere-AK Junge mit Gitarre singt Nachtlied für Baby und Hund, ROTTERDAM 19.2.31",Gebraucht |,"CHF 16,20",aus Deutschland,"+CHF 3,92 Versand",https://www.ebay.ch/itm/116861320113?_skw=Gitarre&itmmeta=01K97Z365PZRY408GF4A239K42&hash=item1b357a3bb1:g:oXoAAeSwDi9pCebR&itmprp=enc%3AAQAKAAAAwFkggFvd1GGDu0w3yXCmi1eXU1WVamKut7V3GpOhHQ7mV6jb9J6VrCG%2FtiSUgKOO%2F6%2F0cy78KtudXUsKXkiWoXtTriI11H9bg5BP%2BU7d2%2BtAoB5HmIZnNibd3hnwNk3Vp5ZGuXrlIqEE2pTVqGQaL%2BQcE0cG3j8n8vPMyJ1cXN8hPVVQGKBgO%2Fnxh9XHnY2fQvfipHqZKdweZ8HiEK8upraNFn9DfaBZlKotVcr8PWUuMAb1UX9zwf%2F4PNjAG%2BSF2A%3D%3D%7Ctkp%3ABk9SR6rjjP_JZg,https://i.ebayimg.com/images/g/oXoAAeSwDi9pCebR/s-l500.jpg
Saite Thomastik für Acoustic Guitar-Set Classik N CF128,Brandneu |,"CHF 18,11",aus Deutschland,"+CHF 6,04 Versand",https://www.ebay.ch/itm/256282557028?_skw=Gitarre&itmmeta=01K97Z365P7JN06DFBV6Q0MQ9H&hash=item3baba17a64:g:SHEAAOSwYI1lR4eN&itmprp=enc%3AAQAKAAAAwFkggFvd1GGDu0w3yXCmi1fViCb4s0pKxSYvHvpmcFspWSbVJLpmOZqDNzFroL9doTWvj22ErJeis6ghzQUWFXkhEUgEZHeKVladp7UUPF0Slx9qzTTQ%2B5K1qVE9s8z3LiUXjeECWmAQXJC1UCxo0eRvdCdPjwuibGr2nKnqxtOvsWtj86bkp9naleCcU2%2BfJTo5Cwj7r4FP%2Futnhy71%2BOkdpRrf3SqbaOsjeDDd8w9ZwA3loWcO1c12r4v5TLiJpg%3D%3D%7Ctkp%3ABk9SR6rjjP_JZg,https://i.ebayimg.com/images/g/SHEAAOSwYI1lR4eN/s-l500.jpg
39 Zoll OOO Typ massive Zeder Akustikgitarre Abalone Inlays Ebenholz Griffbrett,Brandneu |,"CHF 400,09",aus China,Kostenloser Versand,https://www.ebay.ch/itm/176537285218?_skw=Gitarre&itmmeta=01K97Z365PXVZHD503EG9TSQ08&hash=item291a713262:g:BUcAAOSw1mdmxvmG&itmprp=enc%3AAQAKAAAA4FkggFvd1GGDu0w3yXCmi1cO%2F3omEmOv2uuuqx6fq09oqoi%2B6WWb94z4oeiKvJF1W8VFX1DTmo8CeP%2FImU%2BzQwyJRUjTpuVFF9P2buogkyqhgprhQhIeAHGgSEH6w1bARUkCumY9Z74Fzx7gMfI6bHVW1%2BcagSu61nA%2BXs%2BGimbSGGs%2BIQDdoVO3m%2FkGjuBV1ajTITMIlm5xo9fBkFZTsRq3%2B0DUQVtw69hdBWnjwrJFz0tpNqkMKjxz%2BK2a%2FemrFOQGKlof9NNqNrEzfoBdwV3uxbuXp7Wlf5m3NQypLSfi%7Ctkp%3ABFBMquOM_8lm,https://i.ebayimg.com/images/g/BUcAAOSw1mdmxvmG/s-l500.jpg
Konzertgitarre Gigbag Boston Super Packer 15mm Polsterung schwarz grau K-15-BG,Brandneu |,"CHF 46,45",aus Deutschland,"+CHF 32,58 Versand",https://www.ebay.ch/itm/257123411223?_skw=Gitarre&itmmeta=01K97Z365PMX6AC0Z2TV6D8YGW&hash=item3bddbfe517:g:J5wAAeSw8hNo2rLL&itmprp=enc%3AAQAKAAAA4FkggFvd1GGDu0w3yXCmi1fATGxIipvO3CRJX8xS5Xs2Ga2nLfEEgE7JxUgG9j7vgGmXNoBzfyvDkRTH64am68voUAy7eQSzGs8mTz3d0VzuZiHZG76SGd%2FPXhNoNBnYHakaWssGr53anCdDhJqFd5GlwN7P8rV3dlZ0kSD%2B%2F2QL5D3AxMTWOYxiul%2FuhPkM1b2Lwx7gAYD3RA9gKwYzJf3sPWURQhJtgRM8kkGV5OSsiTFCsJI%2BpnBw%2Bo1rTjTFn%2BbJoB5GVMjcF2P0aQKpgjUWw4MwU0egkHrNyOCK4irc%7Ctkp%3ABFBMquOM_8lm,https://i.ebayimg.com/images/g/J5wAAeSw8hNo2rLL/s-l500.jpg
