Titel,Zustand,Preis,Land,Versandkosten,Link,Link zum Bild
4/4 Konzertgitarre natur + Gigbag Tasche schwarz Klassikgitarre mit Nylonsaiten,Brandneu |,"CHF 33,61",aus Deutschland,"+CHF 27,65 Versand",https://www.ebay.ch/itm/196855329529?_skw=gitarre&itmmeta=01K8D64AMKA1VJF5RXWT648ERS&hash=item2dd57df2f9:g:jYEAAOSwQ-NnSHVK&itmprp=enc%3AAQAKAAAA4FkggFvd1GGDu0w3yXCmi1cegKder1jUEJnNQ95Ld6OxbTS78oHGj0Y94ATGt4--wnSA5alZj3JyvAQxjZxp1BHkIXB%2B6lEVVxhuqUlsENQOWWGUuFl%2BFP3piQlCqbdiuc%2Bo%2BS%2B0cUD%2FE86rzoWcfgMdRKjRUbPTlkZlZ%2BSbZfGoZ2ttriv36pcpnOQD2btL0lAqAwXi65cIgQ9gXEh1TqdE1VH3HDwNkJuSiYPtzu%2Fxx%2BbOV3QkNAnr42CsgyCNS4vElUop1Dpvl0aEfgYdwjUrCJ%2FNzJHxI3PonAa5ykj1%7Ctkp%3ABFBM3qqRpsNm,https://i.ebayimg.com/images/g/jYEAAOSwQ-NnSHVK/s-l500.webp
ELEKTROGITARRE IM SET E GITARRE MATT SCHWARZ VERSTÄRKER 20 WATT TASCHE KABEL XXX,Brandneu |,"CHF 92,44",aus Deutschland,"+CHF 27,65 Versand",https://www.ebay.ch/itm/194355163089?_skw=gitarre&itmmeta=01K8D64AMKQHFADPW61DFBE991&hash=item2d40786fd1:g:I7EAAOSwbrdhPGDm&itmprp=enc%3AAQAKAAAA4FkggFvd1GGDu0w3yXCmi1fCsF8zXXIOuE2qRZGz3eFQg%2FML2vW54mCCsMbKh4PAfHMGhCOSDBe5Osk6oYW0d4HhzuP1wpvxcS3y5xdep1OyNT7ZeZunv91WWKcmVqWvzId8cifnMuW5uleToa8xubHw8WJa%2BhbkIpxGvhhs7nDnbCKtKUTNnKxERByeRScVztigS7GoTTJ1MC7uWEwV1ZpgDQ3%2BOk14z3%2BmydBy4h9txtCYaELZkzdPcs3zws%2BCPM9NUUGwhVW7a1NXxqo5E%2BJQPWKw%2BWisK%2FfUnclx%2BxsO%7Ctkp%3ABk9SR96qkabDZg,https://i.ebayimg.com/images/g/I7EAAOSwbrdhPGDm/s-l500.webp
MATT FINISH Konzertgitarre 4/4 Classic Fichte MASSIV Korpus Mahagoni HG80+Gigbag,Brandneu |,"CHF 75,63",aus Deutschland,"+CHF 27,65 Versand",https://www.ebay.ch/itm/143438725806?_skw=gitarre&itmmeta=01K8D64AMKVZ36QWA9DNR4X5PF&hash=item21659d42ae:g:jQMAAOSwYUliFfzC&itmprp=enc%3AAQAKAAAA4FkggFvd1GGDu0w3yXCmi1dykERvPKPrrTuk7bt1SGqKJz7z744woYFjsRDPXcbK1oGzd0fwavyoiAo0GqRkXqKuLtZ4lX14Gc%2B0GUjQUr%2FNgQZJC2WBQ72XXJ6Uf6nenSDl9jsS3AKDdx0LY7OcO%2FD%2F2R24aACTDiOVUUaHLTR%2BK82gaJGolLrBfJCZi6ieoUlGI8CEvxf%2FC9rGorXJJ1xsc2D8MFmkSYw6Q7UAbIbGJJBUYyXTHN1ETd1kAxoAG0dlVMyuqdA6by47mZ8%2BFctgYzOiY8ZYtVC9ukjRKpHt%7Ctkp%3ABk9SR96qkabDZg,https://i.ebayimg.com/images/g/jQMAAOSwYUliFfzC/s-l500.webp
"MATT-SCHWARZE E-GITARRE, DESIGNKRACHER IM 45 WATT SET (GW25), Tasche, Saiten,pik",Brandneu |,"CHF 105,04",aus Deutschland,"+CHF 30,17 Versand",https://www.ebay.ch/itm/142263292205?_skw=gitarre&itmmeta=01K8D64AMK2299Q9P88VEVN8BA&hash=item211f8d912d:g:VCAAAOSwcLhhXofw&itmprp=enc%3AAQAKAAAA4FkggFvd1GGDu0w3yXCmi1fLlrrcwQvxyJgstM9Vt%2B8uRgnuuDB%2B7K8qB9qdmRUZJHmjuQ8SQlV9jjwLgr%2BmfAR4N%2BVOe6p64rk7CDLh%2Fot2XcS7WlnWCzTLhRBcNkJhT5myZDU7ln582a7xTQWSUSMkg%2F2LYu3RrLSOgiMhIa1rT1SnJL5V%2BCZ8pwyHy%2BQWAd%2FVn4cYlI9IdzYJUeivWIUxZ%2Fh7TZHoUh30bvNvgHgxwenJyZ3BTtmgUT20S2mMnnooxua5IpU9VDuK3%2BFY86NlAwvH291CoRyd%2FFSMCX16%7Ctkp%3ABk9SR96qkabDZg,https://i.ebayimg.com/images/g/VCAAAOSwcLhhXofw/s-l500.webp
"Gitarre,4/4, Tasche+Band-IM SET-Kapodaster+extra Saiten+Stimmpfeife!Modell, 22",Brandneu |,"CHF 41,17",aus Deutschland,"+CHF 30,17 Versand",https://www.ebay.ch/itm/191542499532?_skw=gitarre&itmmeta=01K8D64AMKSTCZBJ7YNDVFYX2M&hash=item2c98d298cc:g:SvsAAOSw5cNYkxtg&itmprp=enc%3AAQAKAAAA4FkggFvd1GGDu0w3yXCmi1fXiMiymglO0LjG7Ah9m2jWccIQUJ3a7IUTenKs%2BMCjYihk88GCqREnAOxYuqt4kEYEU6xFMvWvOqNXA%2Bq8UqYNmvENPu5%2BzBv3q8d25Mq70z0yP8t3IBY92Kg%2BdL1HlaEMDf9aSdeewsNXTH%2BB9dyBJyRSMPLplGSXnPlqpsjoheMh9IGWh0GllX2jkwfOWK0eSxPYWkIxlFpQl4dFwjS67UeGAYZolIdt0xrXKZySt%2Fcm%2F7x%2BOqbL0im9vmR8%2Bfy6gLlZmObbp3RctJWuRREb%7Ctkp%3ABk9SR96qkabDZg,https://i.ebayimg.com/images/g/SvsAAOSw5cNYkxtg/s-l500.webp
"HOCHWERTIGE Konzertgitarre - Massiv - 4/4 - Classic Jose Ribera, Y-HG80 Mattlack",Brandneu |,"CHF 84,03",aus Deutschland,"+CHF 27,65 Versand",https://www.ebay.ch/itm/140730817457?_skw=gitarre&itmmeta=01K8D64AMKPEAGZABH3TQHRFQQ&hash=item20c435dbb1:g:yaUAAOSwaYtiFLdR&itmprp=enc%3AAQAKAAAAwFkggFvd1GGDu0w3yXCmi1cyeFS%2FdsB%2FZuZTSd%2FdEtelJPQ8JZQPUqhlieRk5atH7qho3qVJ3bws2D1vHlcJezGtYdWLVkclQGAlMzXBbEvHarcHG7OTWYlUjsluCNZr8kJ%2FwE1mTinHQqqLhTEH%2FbZvw%2F0i3CAwxJ6oWhSypLAqvsJ%2B2hTbLg0HOpMqwcEzv7LeL1F276mAAzNQ8tOrID31xinukGK69VT%2BrrhzNKsXG8WT6Z2UZV3h1ip%2BUuy32Q%3D%3D%7Ctkp%3ABk9SR96qkabDZg,https://i.ebayimg.com/images/g/yaUAAOSwaYtiFLdR/s-l500.webp
OPTIK ! E-GITARRE MATT LILA - PICKUP GLANZ SCHWARZ - ELEKTROGITARRE - TREMOLO -#,Brandneu |,"CHF 61,34",aus Deutschland,"+CHF 27,65 Versand",https://www.ebay.ch/itm/192865321644?_skw=gitarre&itmmeta=01K8D64AMK5F4WMYPZWWZ3H4XS&hash=item2ce7ab42ac:g:EhUAAOSwJ8lck1xJ&itmprp=enc%3AAQAKAAAA4FkggFvd1GGDu0w3yXCmi1fY43oBrA3XaHE0qPnEdzIQtjjNUXK1JbFmUrHXxgVqVptpX4nX0q2XLh3F7%2FW9r0Y6IgXFCNg9Q98w5JQ7%2BCyP0STHt07fHEwglqobVlxP6kTYGrA1BGz%2B2LS8Non2pnBlmSv4Mt26RuYXaWCSGNww%2Bnevwj9y2Xz0kGpDbYrvK97xYjloSArGA2ef%2F3g4ihKuO0lmctx2YtgR9f%2BP0DYTsvy%2BKmiOeHs4ooANNeIUEhNBusRzFq%2BcqxvEDkYjH8uLbdKOpw2cXfnXKgjsjjU9%7Ctkp%3ABk9SR-CqkabDZg,https://i.ebayimg.com/images/g/EhUAAOSwJ8lck1xJ/s-l500.webp
N.O.S Norlin Era Headstock Overlay - Gitarre,Brandneu |,"CHF 15,13",aus Deutschland,"+CHF 6,72 Versand",https://www.ebay.ch/itm/187540265828?_skw=gitarre&itmmeta=01K8D64AMMCSEN9A1JBKF2EVV1&hash=item2baa455b64:g:8WcAAeSwN~touDbk&itmprp=enc%3AAQAKAAAA4FkggFvd1GGDu0w3yXCmi1cxu6RTsv3CutaIylDciVmKs%2BrWMU%2B52IQe4U4ZWZM4kxIDbfm9BQbc39BHXA9m1ugxd43gemEEvTH2%2Bw2A1939WiHUAmmPQZ9o8cB%2B%2FAvD2w9cDfaNLejSjFn1Qyf0vbzYA0XPGl8yA2NiTy9Dr7rxcAEX95jlWCrPuXsbGsH3%2Fbj4grTXsbMZVgjXPGCnCc660x0JrTHYGuRzbxdSpp7x8UhdgTtIoPYeP9t8JD1KMIHJIbOizk9GOgt3vZzqQ8pnX36UcXTfWFWF0v7Rf%2BIL%7Ctkp%3ABk9SR-CqkabDZg,https://i.ebayimg.com/images/g/8WcAAeSwN~touDbk/s-l500.webp
Gitarre/Westerngitarre links-/lefthand 12Saiten-Tonabnehmer-natur-schwarz-EQ!n,Brandneu |,"CHF 88,24",aus Deutschland,"+CHF 30,17 Versand",https://www.ebay.ch/itm/140624625260?_skw=gitarre&itmmeta=01K8D64AMMWSQ9MEX6T8WX53BZ&hash=item20bde17e6c:g:MogAAOxyOlhS6MHJ&itmprp=enc%3AAQAKAAAAwFkggFvd1GGDu0w3yXCmi1edL2Y%2Fo6YvHBCPhczZVLzzpeLRhCh0cAaxxvqGjfGbM73nnEweqYfVoe45rQFfLKXI4p0cG7QB%2BnJCXs09O8U1ClvcKjsaYrYnqDB3njVeXngyINJqjKiIlxnmHklZGcDZtv%2Fyu0zAUX5BUglJzE3%2F%2B7NKiQ8tEF%2F54IWZQ2TPi2fczenGPxOdqJKh9l%2BoG%2BqMpBkicf7xpIQTS5lSf%2Bgqoa3QAieC9e%2FgnFMGq7%2BFAw%3D%3D%7Ctkp%3ABk9SR-CqkabDZg,https://i.ebayimg.com/images/g/MogAAOxyOlhS6MHJ/s-l500.webp
"ST Style HSS Gitarre Pickguard Scratch Plate, Trem Cover, Schrauben for  Strat",Brandneu |,"CHF 9,42",aus China,,https://www.ebay.ch/itm/112857031509?_skw=gitarre&itmmeta=01K8D64AMMMXY0ERYH46N68PH1&hash=item1a46cda355:g:mnkAAOSwp0paokUW&itmprp=enc%3AAQAKAAAA4FkggFvd1GGDu0w3yXCmi1cZ%2FF4%2FOkh1%2F4f9OCwAnm8YzUZ5YXbjGWhDyvCLJIMvqbC%2B4SJ%2FElHbyK7m7rYWkl6HLaFxHupKJuSxEijbdzvm5iSiZe6aOL4lGAboNG%2BTWbS32dUR1Q5MPYumOXm%2Fj6OiUb0oKI4TpMQOb%2BiKdYHonreAJHL26O8ko0kplkfbsRHJNjmVt4u0tlu5AY4VbpVIzCDyaEiypZPFajnrN6cu0obPNyfhAyBPYq1htayW8WuiCtm%2FIeg5XcOil2262Q%2FyVB9NUb0cxwgMksIWqlGo%7Ctkp%3ABk9SR-CqkabDZg,https://i.ebayimg.com/images/g/mnkAAOSwp0paokUW/s-l500.webp
Saite Thomastik für Acoustic Guitar-Set Classik N CF128,Brandneu |,"CHF 18,00",aus Deutschland,"+CHF 6,00 Versand",https://www.ebay.ch/itm/256282557028?_skw=gitarre&itmmeta=01K8D64AMMTQJCEQBJH6SK7MYC&hash=item3baba17a64:g:SHEAAOSwYI1lR4eN&itmprp=enc%3AAQAKAAAA4FkggFvd1GGDu0w3yXCmi1fpEnhABscgaitkfXlVCknE3mEB1QJLqU%2Bwf9FJgnH%2Bw%2B5OcbcoSgDJrupe4IZ5RvYVy7nHJtwsIV1R0pRoaPaI11gu0oq%2B4zs%2BzkwH3vVO2o97Ymuc2GW1PNMXLeVvFJuxicTiT671Ofp6oouox2p%2BaWk9pWpruJsNy%2FVeQlZNTHaUNU12B2ZmFsP%2FGj4Rgcpaz7K839Wo8qkvR4djGVa9l1nu626roH6QShw%2Bk96XV8tqLOydO8S86i%2BODsF6JcemtWYRQwR9tDyZz%2FyVOs%2FB%7Ctkp%3ABk9SR-CqkabDZg,https://i.ebayimg.com/images/g/SHEAAOSwYI1lR4eN/s-l500.webp
Positive Grid Spark MINI Schwarz Bluetooth Gitarrenverstärker NEU,Brandneu |,"CHF 137,66",aus Deutschland,"+CHF 13,78 Versand",https://www.ebay.ch/itm/406168153687?_skw=gitarre&itmmeta=01K8D64AMM0SDND46NYHBW08QZ&hash=item5e91822e57:g:ZBgAAeSwxKhosA9Z&itmprp=enc%3AAQAKAAAAwFkggFvd1GGDu0w3yXCmi1frFA2GWDjLcLkh2kZqlm9qGgrF7lH0qU6iMuuZ6jWQpiAWbIgtdyFvA2ibSGOqRQHcN%2FZrf6FyeymXYIVI%2B%2FygwGUfZi79H0qhWJL5hdlzNwIJZxf4sA5rVhANz38Bja4tRX8%2BdJAbfqGVQi6b6yo750zegGsBVgtoZBry7JKkfIgZlBgnHxugKaUN%2BF5likR9UgSb1Kkk29fAuQ%2BG%2FZ3XNtoJSOVepiApNg4MdIGmPg%3D%3D%7Ctkp%3ABk9SR-CqkabDZg,https://i.ebayimg.com/images/g/ZBgAAeSwxKhosA9Z/s-l500.webp
Kapodaster Capodaster Kapo Capo Elektro Akustik für Gitarre Guitar Clamp 7 Farbe,Brandneu |,"CHF 2,90",aus China,,https://www.ebay.ch/itm/254718882693?_skw=gitarre&itmmeta=01K8D64AMMTTC0JJ8VHNG02N56&hash=item3b4e6db385:g:a5MAAOSwZd1VYsGV&itmprp=enc%3AAQAKAAAA4FkggFvd1GGDu0w3yXCmi1fb%2Bsz8t2gG3ZqurJJvQpTOdLYzcRq2AXbqHfpLxTsdhIC9B2vKku3lamYeGo6gDnS%2FmTx6ZUZvxmXOzsvZQQ9pXzSTvkd%2BzwVEOvuQ%2F2dBXk3Vd39hu1HBupL4b4gj8Ry%2BpU5s03ckGCFbcxapFsfgP0xmJysDzHG0NaPih3L8ZqtF%2BVU6MpY2xvIJ3Pz6fUf%2Fkic64fDDICEgBVl7zuwSTddh636MNfsK4KrSs30VcMZDca0wl9tKb9jx5RJ9PEAP9u9LuWdJnUkD61Eih7OO%7Ctkp%3ABk9SR-CqkabDZg,https://i.ebayimg.com/images/g/a5MAAOSwZd1VYsGV/s-l500.webp
4/4 SPRUCE FLAMENCA GUITAR Flamenca Gitarre,Brandneu |,"CHF 134,42",aus Deutschland,"+CHF 25,17 Versand",https://www.ebay.ch/itm/226903789414?_skw=gitarre&itmmeta=01K8D64AMMKJZJMZWCDSH51X8Y&hash=item34d4850f66:g:s70AAeSwAupo75yu&itmprp=enc%3AAQAKAAAA4FkggFvd1GGDu0w3yXCmi1cPbc6sUrXyCxgJiZJ%2F%2Bq%2BqTC4Mk8Yt9wpmbSW%2FwaosX5kVEpqG2rwG6gEgqQRAr6K9lpzaUzs94g5FhTCd38cAh3Qjtc3NsW2IL4LP4G71fGyPFcCfYxBmKoWQyTLD8jI3CBXO5K%2Fs%2FZOHv9FZzDePHXT1MyJImJB1%2FU9di9Yes2rOIGTP0ZepnzE8ReYuA90Y9gGljW%2Bx4L1DPHz%2FzasSyzrVObKqey%2FuYgszZD0BbkJxxLuF1%2FTdO69xRcd%2BtVOJasUNilrrwr4ubWfTDb1J%7Ctkp%3ABFBM4KqRpsNm,https://i.ebayimg.com/images/g/s70AAeSwAupo75yu/s-l500.webp
Neues Angebot Markenlos Sunburst 160E Akustikgitarre massive Fichtendecke Palisander Griffbrett,Brandneu |,"CHF 248,58",aus China,"+CHF 34,32 Versand",https://www.ebay.ch/itm/136653551933?_skw=gitarre&itmmeta=01K8D64AMM9GDN3VQT5HXNV1H1&hash=item1fd12fb93d:g:HEMAAeSwHaho~HRP&itmprp=enc%3AAQAKAAAA4FkggFvd1GGDu0w3yXCmi1e9m5E1czeIThFOp5xhV972FgJHta37rtykN7E49RQiYWHhPd6nQQwTLfxN64d3e%2Fl6DOa5BuCxES9dEwi2yK7l8z417bIZnXH9bwDF5pIRpe3hfcEio1fnRioC%2BkC%2BtvCCDQQNEl6%2BSsnZZvJT5kkaS1KKpaoW%2F8FspFfhSOmhTW0qczn%2BZik26qMFLaVDDvsr8Roa4mApYc0%2BriJTN9aVvATm%2FtvajGHUA3UgGZtQnBz1J2d1UdkFZssqAzeMHrSXbCfggy3We1tezQd%2BHvJM%7Ctkp%3ABFBM4KqRpsNm,https://i.ebayimg.com/images/g/HEMAAeSwHaho~HRP/s-l500.webp
Fender Gitarre Bass Schlüsselanhänger Key Jack Rack Verstärker Schlüsselbrett,Brandneu |,"CHF 24,90",aus Deutschland,"+CHF 6,90 Versand",https://www.ebay.ch/itm/355485080396?_skw=gitarre&itmmeta=01K8D64AMM43JGRBBFX954P5BP&hash=item52c48fdb4c:g:1aIAAOSwqGll1-Wf&itmprp=enc%3AAQAKAAAAwFkggFvd1GGDu0w3yXCmi1dyKUQSc9idgc7dmiY5xle1sm5cc2kqFd2ly2ieg2mYtlHT5cadi0mmg7B4CaHZy7vWIraJ6fXcO9qH801mdeL8PfDvSuRXstkE7VVPNVyEhA%2BgBzRNJHmwxngM4d4K5EqCGgr3Lpe9we3gHMCGSQHeKA8%2FGsu%2BQS8OIsv7qEnwRUyI6bU6vlb6Mx%2FX6imOv7%2BRHZq6mhjrFDIJ%2BZXS3MqodG2H--thoGyWKPrCEFWAZw%3D%3D%7Ctkp%3ABk9SR-CqkabDZg,https://i.ebayimg.com/images/g/1aIAAOSwqGll1-Wf/s-l500.webp
Aufkleber Rock 'n' Roll Gitarre Sticker Musik Rockabilly ca. 16x8 cm,Brandneu |,"CHF 3,35",aus Deutschland,"+CHF 1,60 Versand",https://www.ebay.ch/itm/185727390274?_skw=gitarre&itmmeta=01K8D64AMMJJFBV5TWEJDV9Z5J&hash=item2b3e371242:g:yesAAOSw4pJnOeRF&itmprp=enc%3AAQAKAAAA4FkggFvd1GGDu0w3yXCmi1f9NLmwQknXUMlN4xJpFv0yvGvGPZEwyLncdWau9xbCg8Ohnr9DsOinD%2Bcy37%2FvZ1LD0%2FGCU9Y1y5QhkEJ83s%2FC73LZyLrQ5B36RLcZsjx5L%2BLQeBkbiHI6dmnvC1y1rocY4gw1SnBvS%2FLi8NyLvrcoyOhmJf1bXYKzgCwnXY3flJuFkGeFc11dIcEiNuAS7TMnTx1Px6K3Ai8OaXvPfN1KmyBYrSgFnbsc1QL%2FI4xi5v4vFYY7GSNt1L6AC7%2FYCqcFwPm1asCskpvvQyZZahtx%7Ctkp%3ABk9SR-CqkabDZg,https://i.ebayimg.com/images/g/yesAAOSw4pJnOeRF/s-l500.webp
"Neues Angebot Cordoba C1m 4/4 Klassische Gitarre, Fichte Oberteil, Akustische Bei Hobgoblin",Brandneu |,"CHF 159,45",aus Großbritannien,"+CHF 42,98 Versand",https://www.ebay.ch/itm/127451404384?_skw=gitarre&itmmeta=01K8D64AMMVXHQ53QEHC0FKPTG&hash=item1dacb21860:g:66kAAeSwv7ho-6Z3&itmprp=enc%3AAQAKAAAA8FkggFvd1GGDu0w3yXCmi1eTkhfBJk8OG5WMeLwYkWgmpHc0oOtUd2xC1jJy5zUBlGVLKrVUodcZS6jzZInGnNBcqXzspJP5YSAo51%2FrW6aO7akXDO%2BMTHtJDFzaxcgiIs%2BduM1kBs4e8gGoV405rmtIt9cZ9qVcz%2FteXyL2FVeQG38gZ11tgUdquyFaXf8tIfE7Fp37592dYYDNKNl4EFbLt2RnZM8cGuxYAgXUoaRI5UkCugtgZ8ptKDfaLt1Wq2NxNewvLk5IfLMo1naIqXLfawq0r4V%2FEaXRcn2xgro4vDA4VGB4OW2lbxSIZDpbFw%3D%3D%7Ctkp%3ABk9SR-CqkabDZg,https://i.ebayimg.com/images/g/66kAAeSwv7ho-6Z3/s-l500.webp
Pickboy Carbon Plektren Plektrum Picks Pleks Plektra Plektron Gitarre 6 Stück,Brandneu |,"CHF 8,40",aus Deutschland,"+CHF 4,62 Versand",https://www.ebay.ch/itm/303325326664?_skw=gitarre&itmmeta=01K8D64AMMV1A41SC7GFVSR6N8&hash=item469f992d48:g:EuwAAOSwT5tWQICi&itmprp=enc%3AAQAKAAAA4FkggFvd1GGDu0w3yXCmi1cCgP06NCAn6skNzfaiTL4R7LwWVDawNIwhL5%2BXqP2Ygi%2BNcPbhI89%2BGe7BoftPrmYAR9O2gHDtu%2BybCwguBjzxFGSSjQ1IeWtxD1q70QtXBOevCHEoXHGfhcXAktsmwZlg90JCAuNBzFWUpqCUkvfFVrzeJ9LgaTXjGI2ol%2FO3AX3TlZxdE%2F3KhvnHIP8pGb6kzcsvtXloN52%2BnxDve3uDCt41QmjYYf5Dq6MlpLorQTWqg0MM9NkWy0if%2BIKuFubUN9DAWLYGnxhFCiL7L01O%7Ctkp%3ABk9SR-CqkabDZg,https://i.ebayimg.com/images/g/EuwAAOSwT5tWQICi/s-l500.webp
"Neues Angebot Cordoba Mini II Reisegröße Gitarre. Mahagoni Rücken und den Seiten, At Hobgoblin",Brandneu |,"CHF 149,42",aus Großbritannien,"+CHF 42,98 Versand",https://www.ebay.ch/itm/127451423745?_skw=gitarre&itmmeta=01K8D64AMM9SB83008HNGTTPSV&hash=item1dacb26401:g:-YcAAeSw8IVo-6Y7&itmprp=enc%3AAQAKAAAA0FkggFvd1GGDu0w3yXCmi1fEU3MulDLzN8BpyRIAlmokA5t2pLZTe%2BwKiQHoE4gVk1DdEu3SOY8hur4yvjZ4w7q217ihAoQjAHtpuKu6B0ZHOnvt23%2BUS%2F0yQa6SHIRm5iyOOQC8yLUmMD8LcjJRfemMVyK5zPyAAbCq4CqQ98jCISJVZkf7ckNX7zgY4qAs2J0QmnQ87zLqPLy%2BiRn8IEaB%2Fi2DYeW6wmQ7brCoSspQaCyE%2FBvMApqeYvYmv4zyMGW9dJAt4Dh0e3RO2KU1njE%3D%7Ctkp%3ABk9SR-CqkabDZg,https://i.ebayimg.com/images/g/-YcAAeSw8IVo-6Y7/s-l500.webp
"Steg für Höfner, Framus Jazz Gitarre, Schwarz, bridge for archtop guitar, black",Brandneu |,"CHF 22,61",aus Deutschland,"+CHF 5,46 Versand",https://www.ebay.ch/itm/236382668548?_skw=gitarre&itmmeta=01K8D64AMMRHEVX8F181XAJC0Z&hash=item3709814704:g:DFEAAOSwV5lhN5mi&itmprp=enc%3AAQAKAAAAwFkggFvd1GGDu0w3yXCmi1cw4YcJFejcX6JftK3QLT0zzAODUotTfDBSARbG9%2B3QKdIQTH7%2FURdGE5PjrcKchOE6rT4asBoJ8Hn79POtfIrVQ59Cl6Mn%2F7GVCNuSthVOdJEz2qZaPqyclqARG6zC5DgVexqpAA3VETAObBCNIz8wLVAcX3KPTyEdbfF4eb0ku2axM6iQq8HegSFjjUXYnwvup%2F9q2kXyuzSgHWW2GwMuMTkfjjvrGtEei3bS828%2BDg%3D%3D%7Ctkp%3ABk9SR-CqkabDZg,https://i.ebayimg.com/images/g/DFEAAOSwV5lhN5mi/s-l500.webp
"Jay Turser JT301 Black ST-style E-Gitarre, H-S-S pickups und Tremolo",Brandneu |,"CHF 100,84",aus Deutschland,"+CHF 16,19 Versand",https://www.ebay.ch/itm/266615945408?_skw=gitarre&itmmeta=01K8D64AMMAAY71W220XE21YCD&hash=item3e138c78c0:g:v0gAAOSwnUVlouBW&itmprp=enc%3AAQAKAAAA4FkggFvd1GGDu0w3yXCmi1epI80YUnTurxZEY4AF8TAEloNWP6JbYDK%2FP7lzURTrmb8GOJAoLntXheQwNyHSk1MlPgD2h3x50UM39ZHjFTSIJIavF4zcDThTtv8gUPmxeKRZj1xH%2FLnibf11GubBn%2Bw%2BVKun83mHRRGwqTC8F43rPUpplT%2BbKFAT4hYBnfZ8vMhV3sLVjQvW5M68%2BdZiI37mqRtKP1bQNbMJyj9THuRM6Ex2F5QqBrWaHUcUT3KbqAqOAni3q89ejJF4sfUSlGYVeqrNouwfCg3483n%2FFDGa%7Ctkp%3ABk9SR-CqkabDZg,https://i.ebayimg.com/images/g/v0gAAOSwnUVlouBW/s-l500.webp
Positive Grid Spark 2 Black Gitarren-Verstärker Bluetooth Amp 50 Watt NEU,Brandneu |,"CHF 226,48",aus Deutschland,"+CHF 27,66 Versand",https://www.ebay.ch/itm/406168155973?_skw=gitarre&itmmeta=01K8D64AMMDXAYV5PGVVEQ5YAT&hash=item5e91823745:g:cxYAAeSwsmposA~p&itmprp=enc%3AAQAKAAAA4FkggFvd1GGDu0w3yXCmi1djQ7OnzrWxZjfU4U9jY1BeLjd5Mk%2Fo0JzXZgE8sHIAhj1NBlCajCETSF8JwGvcJMwSq66q7bYlxUPto4%2BiPPSBdZ%2FbZQGmQ2NUjpbaJwl6F83t2fcq4ujxTUEbu7V4OwifKSkIHpuTaDy%2BUZdvDoUsW%2FbxWJeDIGdntn42oEvCEYGAdZ%2FvGnWF54%2FIqGSIZf2TLbc7%2F0WTxR0sbPgGAsxoOmFASYZktIknm3YtZGANbyV0HC%2FsnDRIhhLEyyb14NbIULeltK6PX2NmMUA0hYIR%7Ctkp%3ABk9SR-CqkabDZg,https://i.ebayimg.com/images/g/cxYAAeSwsmposA~p/s-l500.webp
FLEOR 6PCS 3-Way Box Style Guitar Toggle Switch mit 3 Spitzen für E-Gitarre,Brandneu |,"CHF 12,99",aus China,,https://www.ebay.ch/itm/405592651536?_skw=gitarre&itmmeta=01K8D64AMM2HMM9P7F5F3PV20K&hash=item5e6f34b710:g:iRgAAOSwvbtnwhXR&itmprp=enc%3AAQAKAAAA4FkggFvd1GGDu0w3yXCmi1fjI2KwPX3%2BQC73knmB0S1dL%2BoXxQklAu8bM%2BR4blztwDWJTOaGYDklU5Vt4vC0xaoHIyJF%2F0fsrd4nTA51Eg8hcD5LkwjQNxk%2Bfcj65HOqtHn1E0GB1UKMyknERFZZzulg7Y5vqfVu8KQJP6H8LSwUc6DXzZaDWCUSxAGTcaT5giaSQZG3YUiOKbAId5Ip9dAq5cErNIIAAuojjA1kaCEr6xPXpVgMFwYkqOLTIBrAxnsUHg5Io0CnIJBMSzqTEFEXKmjSJ1h3lAFt7lpFq163%7Ctkp%3ABk9SR-CqkabDZg,https://i.ebayimg.com/images/g/iRgAAOSwvbtnwhXR/s-l500.webp
CORT Westerngitarre COPUREOLBT in Satin Light Burst Top Natural Satin Body,Brandneu |,"CHF 293,31",aus Deutschland,"+CHF 25,17 Versand",https://www.ebay.ch/itm/375902790178?_skw=gitarre&itmmeta=01K8D64AMM3E9SCGHET753HEJA&hash=item57858d6222:g:3eYAAeSwzwxo76dq&itmprp=enc%3AAQAKAAAAwFkggFvd1GGDu0w3yXCmi1ckC7Dmk6QKLuWWtyAFRZLVfXVljgraNfE%2FMXCXPlVm6fczrdb%2F8AEOHSrYW9AHgqUtxvnE01X7d6Wy6A7FYJmvpFW5C6rYT4E0IFRm5%2BgFca0HNPsbVbHQWqK%2BEee%2BBmGSrRAN7Wsku9CJ5J1l8T%2BvjtFrYA9AsIqLYY87dP%2Fz82r8bvNTHEMrNtMFDYDPVT5xtTfTwj9hco9v2rxlGd9HjWHXr6D11LH2QJrQ4Oy4fg%3D%3D%7Ctkp%3ABk9SR-CqkabDZg,https://i.ebayimg.com/images/g/3eYAAeSwzwxo76dq/s-l500.webp
Thomastik-Infeld JS 112 Jazz Swing E-Guitar Set Neue,Brandneu |,"CHF 21,99",aus Deutschland,"+CHF 6,00 Versand",https://www.ebay.ch/itm/256585441229?_skw=gitarre&itmmeta=01K8D64AMM81ZGGHYQ14G24K8N&hash=item3bbdaf1fcd:g:CqAAAOSw4rVmpjeK&itmprp=enc%3AAQAKAAAA4FkggFvd1GGDu0w3yXCmi1d%2FNXxfmLKBjxqD%2FD1ZOO7AudsN94bsKn2dWHbmeUuXhCTXGnskWtfRlel9UCTMzm7W828QOIJJtTALBzfc7Se31AqjW2k3dVAWJm0CZS3NozPaArgh6ZsGTW9YnnMmkWm4g3hksFj%2FUDvPIE2YkD68JNi0C8b52UDl8T0FN1U5%2F%2Bv3zZ6PxPwXOftZf3EABfB0PzZIIsSE%2BgguCL8ZsxYW3LRg8KoAlcMuxXrxjMOR37V9urktfqC9Sa8CFshoy31Uc0TJsEK5VCcjVdSCZPUO%7Ctkp%3ABk9SR-CqkabDZg,https://i.ebayimg.com/images/g/CqAAAOSw4rVmpjeK/s-l500.webp
Neues Angebot SCHOKOLADEN-FORM gitarren Chocolate mold moule Alt,Privat,"CHF 24,80",aus Deutschland,"+CHF 33,00 Versand",https://www.ebay.ch/itm/167883831948?_skw=gitarre&itmmeta=01K8D64AMMR332RD7EHRN5T0GR&hash=item2716a7fa8c:g:QxMAAOSwsBFhcIQ4&itmprp=enc%3AAQAKAAAAwFkggFvd1GGDu0w3yXCmi1fgUWRmsoFTQzqQ%2Fewrq7151WRkX71WIpbCnZfCg5adS5gWfjr%2FOCVy2vnfrpEzVcKq043kqjkzEx%2B4kU6NXzi0COFA33k907EDi%2F5UHIldyU%2FV%2FMt27blqLXsR9L9iPtzetEQThdbSihVb%2FiruOH2x5xPpneTNNVN%2F4YwhYFSRR0KbRXlB1D6CVxHuI78f%2BhbirOkckJQcZlS9tHM%2FZEvkF51bHTfxQRgywqniXUK8UA%3D%3D%7Ctkp%3ABk9SR-KqkabDZg,https://i.ebayimg.com/images/g/QxMAAOSwsBFhcIQ4/s-l500.webp
"SCL60 klassische Gitarre mit Fichtendecke, Farbe Natur, Linkshändermodell",Brandneu |,"CHF 93,24",aus Deutschland,"+CHF 25,17 Versand",https://www.ebay.ch/itm/224934333043?_skw=gitarre&itmmeta=01K8D64AMM6MX9YP2NZQ5BBEXW&hash=item345f218a73:g:qmEAAeSwp~xo75zR&itmprp=enc%3AAQAKAAAA4FkggFvd1GGDu0w3yXCmi1fB0Y3Qv4opG%2BAdTtMDCAzLWGOsC4PDK%2Bk%2FV5U%2FMAOMN6tad0eU9nbPNFH24G0z9Uq5l%2BLAVXRhxNUYp%2BFPnjqZnAaImLrzFHmVAGnd5uwagZKoq9oVm%2FjyGvwpTPx7ZJHBqcXvZewjx7hFxv8USCoUkQcf2m4tbyQ%2Bi7nz81VPeSLLIKiCqGohxfSiH2xjjhKia1XkKMtR%2FcXa6%2FOa%2BFT2YatvsZefy3u%2F6r2x4v%2FkGyAOhSgfFhXcH9lPq1%2F7tBcizsHAxSFL4YvmI1jw1Hsi%7Ctkp%3ABk9SR-KqkabDZg,https://i.ebayimg.com/images/g/qmEAAeSwp~xo75zR/s-l500.webp
"41"" D Modell massive Zederndecke Akustikgitarre Cocobolo Korpus Abalone Inlays",Brandneu |,"CHF 350,94",aus China,,https://www.ebay.ch/itm/226126690727?_skw=gitarre&itmmeta=01K8D64AMM3NNSG89DSJ09A1F0&hash=item34a63379a7:g:938AAOSwVK9mHVjQ&itmprp=enc%3AAQAKAAAA4FkggFvd1GGDu0w3yXCmi1ek5Sg9%2FNM%2FX1nOKe4%2BwM3IIkxwmv5l2g1F9ho2mDtyZNF5ADtj2RFy9tiPovPnFYA80BNQFFdhRouxdbrL%2Bm13LDecN5ZlBPbzqTlkaJ0LsaagBWDrQQW1kzgK6OsjyDABKFJrUVLCjzHch0I0hD8UgVii%2BGDrawBpUSlgt%2FpLn8pEfix7IyN2446VMRLhOmxsFBMYv6i24tyQ36QO%2FGbl4HpiDk2E%2BxhkbnZp6PQsenkkjqdeVLmOxYlorlpRtyyHmz6OgRyf5fIh08AOp9YV%7Ctkp%3ABFBM4qqRpsNm,https://i.ebayimg.com/images/g/938AAOSwVK9mHVjQ/s-l500.webp
"Gelbe OM42 Akustikgitarre 6s Inlay Abalone, kein EQ, SCHNELLER Express kostenloser Versand",Brandneu |,"CHF 264,67",aus China,,https://www.ebay.ch/itm/197648181817?_skw=gitarre&itmmeta=01K8D64AMMDBFF60H65CQM3KWR&hash=item2e04bfea39:g:x18AAeSw0RporaER&itmprp=enc%3AAQAKAAAA4FkggFvd1GGDu0w3yXCmi1fgO2q81fpw%2FkNYH%2B4GMxBuzrQrXA5l4CZvtbiJLZXGb2A6ud51bgtxNak64T5HyZ56SHGn2RSbJU3LeWHpZKHDGyVuyv5ZNPtA9yphL%2BZ8o16z6S7nKhTjSGyb69cpEoTO7CrX3LLCpL2qEpYwq37TL0k30y4dNlX52A7lS8dOud%2FHPR8aLWVxDqeNLH%2Braf9KJUTKKlQit0q50avqm2OrigmnpdObGZk%2Fwq6dLi65JMxOxrERdAMypy%2FRdXYJnisnDwCRtOhsRWNmju2EBVUV%7Ctkp%3ABFBM4qqRpsNm,https://i.ebayimg.com/images/g/x18AAeSw0RporaER/s-l500.webp
Fishman 4 Band 301 EQ Tuner Piezo Mic Presys Blend Akustikgitarre Tonabnehmer Vo,Brandneu |,"CHF 17,49",aus China,,https://www.ebay.ch/itm/315707493345?_skw=gitarre&itmmeta=01K8D64AMMHK8P4ACR9JSAYZ23&hash=item4981a20be1:g:oUAAAeSwN6RogyU5&itmprp=enc%3AAQAKAAAAwFkggFvd1GGDu0w3yXCmi1dQoMbdfejg5GiJRb%2F4%2FvB%2BVpaebIqBxMBDUCVLmaOuHAxSfE5493CxsyFL8LNDB7JVadumUtBB4RGIKDbKw3CTwl%2F6gBIMbhZscWF0aDWD9KlM3VoKuQbBv3t7IclbUK6mfRQaY9pRny%2FVsiO38wDFixYJO%2Fef6jx8X4J1VDPOl--8Y%2FdMa%2B%2FH4EWblVMXCTcJtUDepbIsJy%2FcsQdguA%2BAjqPHnIjI5P67plLLgFwprQ%3D%3D%7Ctkp%3ABk9SR-KqkabDZg,https://i.ebayimg.com/images/g/oUAAAeSwN6RogyU5/s-l500.webp
Neues Angebot NASHVILLE ACOUSTIC BLUEBURST FLAME TOP,Gebraucht |,"CHF 189,02",aus Deutschland,"+CHF 69,01 Versand",https://www.ebay.ch/itm/177520071927?_skw=gitarre&itmmeta=01K8D64AMM9DWCG1YF89881805&hash=item29550554f7:g:U~4AAOSwU8JZuGAI&itmprp=enc%3AAQAKAAAA4FkggFvd1GGDu0w3yXCmi1dZOMcwa25W5L%2FCNx%2BrfsxSkkVzhMpLrT8br57ZhXM2kPSWEvarVPLvTQ7j9b8KIFKzSiAlsaqCLb%2FIDhdk%2Fu5DQVfKZ2SzAfhbHDxn%2BEJI08GlfIk6140ufyVE7ls%2BVooZ2Jmk6QJFq%2FUcSeBYcafzfSLIc6z%2FLUf5Whe4Tn3g8akr9UchZW7hfBLFqxfO81xheVdHtAeayj5f6JKO4sMT%2BOZjke%2Fmfz7tKiQ6e7Q08pVbNyUGa7QUlGh3%2FlQWTUR8IEgcv2yfkY5jmrlHOHN6%7Ctkp%3ABk9SR-KqkabDZg,https://i.ebayimg.com/images/g/U~4AAOSwU8JZuGAI/s-l500.webp
12er GITARRENSTÄNDER UNIVERSAL FÜR ZWÖLF GITARREN - STATIV STÄNDER SCHWARZ - GL,Brandneu |,"CHF 31,93",aus Deutschland,"+CHF 27,65 Versand",https://www.ebay.ch/itm/192884337784?_skw=gitarre&itmmeta=01K8D64AMMNXPF2FJT622GFGAA&hash=item2ce8cd6c78:g:ZMAAAOSw9-hcqwoo&itmprp=enc%3AAQAKAAAAwFkggFvd1GGDu0w3yXCmi1eCVGZMP0aORvk6u%2FWIbCT2CigJ0HuY%2FJPdGUG0UyljhlM2LqxvhsSWc03rIE03P1dzdddT9ggxy%2BTc8b62ae76B9nVtnfu6kEPISkK4Uzw1%2FNeZfBE3BU5YzsXOZfY9dLWjLranMjGiffkVxzrxBULeDFP0x7X%2B8fuZzs2foI2m%2BACvOrztcE4TDIArJUaNGxJVM1mWBkMfW57dAuEIB2MqeNbHzli7ki4GNiyX4hrQw%3D%3D%7Ctkp%3ABk9SR-KqkabDZg,https://i.ebayimg.com/images/g/ZMAAAOSw9-hcqwoo/s-l500.webp
4 Stk Elixir Akustikgitarre Saiten Phosphor Bronze 6 Saiten NANOWEB 12-53 16052,Brandneu |,"CHF 19,33",aus China,"+CHF 1,84 Versand",https://www.ebay.ch/itm/316527793381?_skw=gitarre&itmmeta=01K8D64AMM9HW3PKVGMPATR5NQ&hash=item49b286d4e5:g:zOIAAOSwi9xn3QYg&itmprp=enc%3AAQAKAAAA4FkggFvd1GGDu0w3yXCmi1d%2BWpP13y1Tu8C%2FVY%2F4CmVJ9Klfukf%2BdpBzUsrqHnNZ6lNMCQMBZIQ5ZxJXxEPY6j7fzdC%2BlxiBDUYevae0pd3K3Ykk98vM6ymE4iAUyptSwvvUBKY%2FKInFzCc5CqpTRh9wbByBDDjgBky%2FoOe6uWZrFUyNFCaG2PrlNz5qIMatmWWaZQZfW5T0fgmDurtkbwbcXPUVNbnGsxhsfx%2B4PZ3%2F7r%2BY%2Fzh6RBIAB9k0ZKduXaHb3Ga5bauvNiYkWyklbNg5xlEHPIDBqp4MlFhdmwhe%7Ctkp%3ABk9SR-KqkabDZg,https://i.ebayimg.com/images/g/zOIAAOSwi9xn3QYg/s-l500.webp
Neues Angebot Elektrische Gitarre Messinghaken Tremolo -Brücke Federn Verbesserungston,Brandneu |,"CHF 18,86",aus China,"+CHF 0,25 Versand",https://www.ebay.ch/itm/146918671752?_skw=gitarre&itmmeta=01K8D64AMMC58G1QEZ924Q2Y8M&hash=item2235090588:g:d-UAAeSwsoVo~IG2&itmprp=enc%3AAQAKAAAA4FkggFvd1GGDu0w3yXCmi1c3d2%2FKwi1vvAOqlyzyIcFji1Weww6%2BEM1iaItyz%2BtgsbVdwJcK67avmNPDM2rQcU%2FCtCuHwim09qCg60oiB3M%2BwY%2BQ9DT5hAsRwi3C99LrJ4gaE9GlJmfP5NyrBW4Z4Wn15PYo6YwS5l7bgb4B9APK4mLCU4TIOo0PGox1hFqVvIrJErT0KOaDJ1FTe5NKgPbvhjeliJ0wfQeAZ2xaMruhvR2qeUJzbj9U018Y9Zjn9JwkR4TP5jV7wpDbHmvT9KI1ss%2BFaPH1qaJKtTvSaLm1%7Ctkp%3ABk9SR-KqkabDZg,https://i.ebayimg.com/images/g/d-UAAeSwsoVo~IG2/s-l500.webp
Rickenbacker Saiten Gitarre 10-46 6-Strings,Brandneu |,"CHF 15,04",aus Deutschland,"+CHF 13,36 Versand",https://www.ebay.ch/itm/187499405580?_skw=gitarre&itmmeta=01K8D64AMM5J3HTBZ9J2BFGX1Q&hash=item2ba7d5e10c:g:WskAAOSw5v5nhkMQ&itmprp=enc%3AAQAKAAAA4FkggFvd1GGDu0w3yXCmi1cZOKuzmOz%2BWDh4o5ZdBJ4oJDF%2Fg0NaQVDSNbdR0RM4Z1kQg8otOXpGqn8o7qleEIDh%2BJQkkoT%2FFQ1lUw2cWGrFRHZ6%2FgNL%2B3OiIN8RGIz01t6qYYVuN099aPcfv4AreJm4g7mz0FmpLSrJCxAoDz0PrGO7C5U1Va7VQETU%2F3yRzJ7q2mhs6rrwVrPfQbNZxZFBruk0MaDQ9UX%2FqX9vZwLXNBxQtza5apDoqKnpqGFTPu1EWOsdCMZjhILj9--3Srtbl%2FljkhU8ZHUXpT8i6lpB%7Ctkp%3ABk9SR-KqkabDZg,https://i.ebayimg.com/images/g/WskAAOSw5v5nhkMQ/s-l500.webp
Kompaktes Verzerrungspedal für E-Gitarre mit Kopfhöreranschluss,Brandneu |,"CHF 19,95",aus China,"+CHF 0,42 Versand",https://www.ebay.ch/itm/376340349413?_skw=gitarre&itmmeta=01K8D64AMM91P3AQWTTPQYGXT6&hash=item579fa201e5:g:HgYAAeSwbHpoTm4B&itmprp=enc%3AAQAKAAAA4FkggFvd1GGDu0w3yXCmi1dHU%2FLk8%2FZ5SkLCH7akeHPH9f%2BU%2BXzVtDwVQXvWXEe0wZ%2Byap5rRIuhTn9x55ONn6vNZcoGpcn6lLou8k9BAI0cjzigzjDN%2BK4QA8W9aafvcRreXr6rmVRaA5TaoWed7Ht1%2BhtaZpXetPaqnOQmlr5oMasDPe19rVTCvO0CrDAaTx6QgnV%2Fmh0I5ErxuJe6okfbxmBYR2DktIM8T8We1x2YyiMyO%2FFdC%2BW0DIQA8RbhRmr3pSOMQ75MGen2sV0LiIvNDED76DpE9Cq2cJIfSGQv%7Ctkp%3ABk9SR-KqkabDZg,https://i.ebayimg.com/images/g/HgYAAeSwbHpoTm4B/s-l500.webp
40 WATT E GITARREN VERSTÄRKER + MIKROFONEINGANG TRANSISTOR 7 KANÄLE DISTORTION,Brandneu |,"CHF 52,10",aus Deutschland,"+CHF 27,65 Versand",https://www.ebay.ch/itm/192961810303?_skw=gitarre&itmmeta=01K8D64AMMHV2EWX8JVDHG222J&hash=item2ced6b8f7f:g:6ZQAAOSwlcZeVjq~&itmprp=enc%3AAQAKAAAA4FkggFvd1GGDu0w3yXCmi1dREYoCOQfSMSN6fGYegwzTXC%2BGbo8vH4lLspRXldLpNRxuXI5OBx2SOJkHKHQWpyBQDP%2FdQ1pla5EaC7qGNxnoDpLI6cQi1txyvVoNTtZOWxQ%2F2nssKoysTXFTF5dB%2B077HtXvJ7%2Fcsy%2BIxHkMySCWd8qzzItqmEl8uSocdnoVd8BWm0X9BGjTjSV7N3jQBEPPkii8uwoxeMSUGFCclkr2W4MOxnvDKm6AR1rPuTdSqlC%2FMu8G5ajD0HH%2F9asl%2FsIrN3L3J8UaEqcuR7ZiwolS%7Ctkp%3ABk9SR-KqkabDZg,https://i.ebayimg.com/images/g/6ZQAAOSwlcZeVjq~/s-l500.webp
Konzertgitarre Gigbag Boston Super Packer 15mm Polsterung schwarz grau K-15-BG,Brandneu |,"CHF 46,17",aus Deutschland,"+CHF 32,38 Versand",https://www.ebay.ch/itm/257123411223?_skw=gitarre&itmmeta=01K8D64AMM2Q8P80ZXDW82ZV1T&hash=item3bddbfe517:g:J5wAAeSw8hNo2rLL&itmprp=enc%3AAQAKAAAA4FkggFvd1GGDu0w3yXCmi1fATGxIipvO3CRJX8xS5Xs2ZzQWswa%2FULRyXsRE7hafU4WMldkg3F%2Bb5ZnnvG7qQniZerKT620NUpvBhm5lssE5rdigPYZggCB%2BWWlz4OBeTVECUlJqCpQSzKJv19Q4tMn9LzN2mM1iQgvy7pEzvtMCNWoR3hcYbw6f4lPJi67i5OsmWJLPaHBdLVYqN2uKmwF7TY96v0lIJrKyyDfHyuA7%2Fw4NFaBiAjrSPP8%2ByU9Adb96DUcR4%2Fh0f0HsDA4o02XfLFC4XUytEm%2BIWofFjC%2BU%7Ctkp%3ABFBM4qqRpsNm,https://i.ebayimg.com/images/g/J5wAAeSw8hNo2rLL/s-l500.webp
Natürliche J-200 42 Zoll akustische E-Gitarre massive Fichtendecke geflammte Ahorndecke,Brandneu |,"CHF 276,85",aus China,"+CHF 42,15 Versand",https://www.ebay.ch/itm/135490070536?_skw=gitarre&itmmeta=01K8D64AMM065SRABP7P4G5E16&hash=item1f8bd66808:g:pAsAAOSwKRtnf5HK&itmprp=enc%3AAQAKAAAA4FkggFvd1GGDu0w3yXCmi1dHxmaCKwGQjIrpOszylHJNDPISH9b113%2F7mdLmluUAwjN8ZJfX%2FHbaaRrr5vTFJbbFV%2BRurN3XDjLstWm%2BLhiAA55cdGYAZyuEdnUlov5ELzcGmFS1%2F0m8%2Bgr%2FlNJTcBwr3Et8eQw7zVpmKOO2AUWr487CMabdcHKK%2Fd4JhCbbGd3qf9to%2FK2%2BHBPdw3pX6PRbvIwds9cE7YVk0oZH84mDng2YzkV9rqWIJrOEwHlhZvVJ5INeJVeKTcuvG%2F3TxTYUEnbtdD3lUV5L1a7jWnuW%7Ctkp%3ABFBM4qqRpsNm,https://i.ebayimg.com/images/g/pAsAAOSwKRtnf5HK/s-l500.webp
"Neues Angebot Gitarre, Folk, Klassischer Akkordassistent, Ein-Tasten-Akkordgerät, Tastend6644",Brandneu |,"CHF 20,04",aus China,"+CHF 0,59 Versand",https://www.ebay.ch/itm/205806173813?_skw=gitarre&itmmeta=01K8D64AMM8K2WJCT774HR5218&hash=item2feb00fe75:g:jy4AAeSwbSZo~IEA&itmprp=enc%3AAQAKAAAA4FkggFvd1GGDu0w3yXCmi1eiH6M1uyzSs751Iffdc8m%2BNhsXolW5BVKnlRRw5yrc0dlgbmTBpolhOQ9XvxF%2FLlYiojJmw9LUg2GP3%2FWX7z%2F8qf3blbWLPYyLCAT%2B1Z%2BJ4caiPCnlvjS%2F2fKXUqQtnY6VXG%2BmD49cJQrJcY5O0Q%2FBeW%2B8mQ04G2FI1FtC%2BDi2X%2BlNAKygilR5WwFK9FxfgjfnW2zphZBXZ0DoTdrFfymNPSPw96I5rWMbp4sDDUGOrYFMvjUZT5LhRJ6VSqrAYj0kHlnfH0mZVW7fSBJsltrI%7Ctkp%3ABk9SR-KqkabDZg,https://i.ebayimg.com/images/g/jy4AAeSwbSZo~IEA/s-l500.webp
Mehrfarbig Leder Gitarrengurt Einstellbare Länge E-Gitarre Band Qualität Neu,Brandneu |,"CHF 12,74",aus China,,https://www.ebay.ch/itm/388779241897?_skw=gitarre&itmmeta=01K8D64AMMMSNPGW1M32VH3RN8&hash=item5a850c71a9:g:dSwAAOSwCBJoNsJa&itmprp=enc%3AAQAKAAAA4FkggFvd1GGDu0w3yXCmi1czNwrMOTUWGu%2BIw6xzVV4wm%2Fj80PWFu3T24ZUQ4pCp%2BbI%2B9kpP%2BiROvU3Bu26aZySarbHv9Cg9rE0RGk02MUJVu5fKek%2BCDk4J%2F%2Bt8TnhaEoM5Vxz82%2Bmw8ceVGbQKhjfHn394ZvniCDIDCrSp61ui%2FrHGZixnBaMNy2THFJQA3QINkKUyEuXYe6NwCpL2sWKVXvvQLgKGEt07x4TcKdXwDldN2m8iAoPjMJS%2BZIa%2BNT88ZIUxi90OaslLer8p4Ri543MGTCs6M3QwYZFOXUmI%7Ctkp%3ABk9SR-KqkabDZg,https://i.ebayimg.com/images/g/dSwAAOSwCBJoNsJa/s-l500.webp
Neues Angebot Tiny Grimes - Electric Guitar Master - CD - MINT Zustand - E23-2515,Neu (Sonstige) |,"CHF 38,71",aus Großbritannien,"+CHF 9,16 Versand",https://www.ebay.ch/itm/167883832547?_skw=gitarre&itmmeta=01K8D64AMMWGRSJVQ08DAENF06&hash=item2716a7fce3:g:vX4AAeSwUOho75g4&itmprp=enc%3AAQAKAAAAwFkggFvd1GGDu0w3yXCmi1dY1Kft7kjFT3o2ZWw%2BNT%2BTo%2BMD4%2Bryp5cTXrEZm8RliusxuZYERsVBvTe2SOHERCqdE0%2Fkx7975qirpkPZLArLQvhZwr8q4%2Bimj88kMo%2Bk2KXDq55TO74NIUK79gJpNziQfEb%2BAuZQ5J5F2Rf6kNdbBz0QT6FH%2FKFpQdPgGxIcIgdgFqv2XNApjs3m37uI12a5249lzk655R0fOdvvSKPjrNmLUHLxiJQmMyrJClmAGg%3D%3D%7Ctkp%3ABk9SR-KqkabDZg,https://i.ebayimg.com/images/g/vX4AAeSwUOho75g4/s-l500.webp
Ernie Ball 3 Sets 2221/2223 Regular E-Gitarrensaiten 10-46/9-42,Brandneu |,"CHF 4,39",aus China,,https://www.ebay.ch/itm/297584562262?_skw=gitarre&itmmeta=01K8D64AMMTX48PB7FSSN4F2V6&hash=item45496c1056:g:VE0AAOSwWqJnT8FW&itmprp=enc%3AAQAKAAAAwFkggFvd1GGDu0w3yXCmi1fy66k3QVT3bDINSEFhdxHGaKuBS5PAiT9lmlq2Wljpujun5RP3bsB64fBDAcXnNdn8ltGLbaUpY674zd4d2ygPRmxHE8DJ%2B3F4DB9Dfj6TTBqvlSY8lti8kOALNkIat6muW8JoqXkRMohyRsArDwcRGYhAjtcCS2ILy7kgBYx4KkYwWexeyt76HykRtKUXpl7BCo4VxZaGzMW4P7PYuM%2FSNE31xZRM6eGuDYZ7jhlvyw%3D%3D%7Ctkp%3ABk9SR-KqkabDZg,https://i.ebayimg.com/images/g/VE0AAOSwWqJnT8FW/s-l500.webp
VARIOUS Akustik Gitarre 01/04  EX/EX(CD),Gebraucht |,"CHF 6,90",aus Deutschland,"+CHF 8,00 Versand",https://www.ebay.ch/itm/177512138199?_skw=gitarre&itmmeta=01K8D64AMNGX6D4SNVH44E6T0E&hash=item29548c45d7:g:xuUAAeSw9Kto-LSF&itmprp=enc%3AAQAKAAAA4FkggFvd1GGDu0w3yXCmi1fNw1FaA4G8i6AZcqonAR4RYt0%2BUCol8hzCASjUYvyqUmfimODKQkDGm7sDlC9TJa7fIp%2Bq77tzoVMlFB5lcQxe4lFAQtbg3xviFFcEHDOj5yOTou4dBg7G26kKE4%2BFRE%2Ftn4iRdq59FG9dEey7ADkVAuoKkEp%2BDMfwz2dLA4RuByTaGeBdZAT%2BYFCoHqdc2II88mOpkySN3lsc9N2nWsYix4NI5N42y87Epq1cJnTurYTougzUnqRlrHNdMTJtKRnh%2BIOohzr%2FnBJDqU%2FStI%2Bg%7Ctkp%3ABk9SR-KqkabDZg,https://i.ebayimg.com/images/g/xuUAAeSw9Kto-LSF/s-l500.webp
Handhaben Vater Gitarrenkorpus Unvollendet Solider Gitarrenkörper,Brandneu |,"CHF 118,71",aus China,,https://www.ebay.ch/itm/306400571953?_skw=gitarre&itmmeta=01K8D64AMNJ8QDJ5R8AMWD184W&hash=item4756e5b231:g:R7oAAeSwz9hoeWhc&itmprp=enc%3AAQAKAAAAwFkggFvd1GGDu0w3yXCmi1eykJUEssGQQlvo1YOlrKms%2BavlRbNDmC0saV0kkNzL7zRjk4EHkx5U3Ec7ysEDNAFwsj1cIOgxcfy0hTBiDpRb9cjxqdMW%2FRbfKCIjIei%2B4Snb8LwMEc5yWPT6A%2BwPYgn1MzyA9v3wrkRd%2FHBXB0KVFUYhgkynxcBImaaCzj7d1lE%2B9y%2FBzgENEXKKFN%2BhJvwwlyA9%2BJIpGKd%2FiG0XJD9GxrKBmhYZgy6sK3iR74aNsg%3D%3D%7Ctkp%3ABk9SR-KqkabDZg,https://i.ebayimg.com/images/g/R7oAAeSwz9hoeWhc/s-l500.webp
"Gig Bag - GITARRENTASCHE 10mm gepolstert, GROßE AUSWAHL ALLE GRÖßEN u. FARBEN xx",Brandneu |,"CHF 14,28",aus Deutschland,"+CHF 27,65 Versand",https://www.ebay.ch/itm/143438720723?_skw=gitarre&itmmeta=01K8D64AMN3HPWZ18K72Q884HE&hash=item21659d2ed3:g:YWkAAOSwMQNfl77k&itmprp=enc%3AAQAKAAAAwFkggFvd1GGDu0w3yXCmi1cvJ3pYWQvUqb%2F1scH6nIsowX1cO6xJ4soUzcXw9nahIIQPKwUdiTdqWiH2PTbyw6LaPmHUYPxjZ4V9rKNuuABbzGZL6pPoBkvJ8hTPCKV8qDhqlFe%2FfUWDDh5hm%2Fer1E4NHl2RaZt8Ruw9h3B0IIqTRbs6YpvOxwU%2B8NJJxencsZWEKrEqRIYIUiFgFNBKZYkNDDg%2FALnF1nEdecmN72D34SR8Wrh%2B1fogSU900iTfgg%3D%3D%7Ctkp%3ABk9SR-KqkabDZg,https://i.ebayimg.com/images/g/YWkAAOSwMQNfl77k/s-l500.webp
Tele Style Gitarre Pickguard Scratch Plate passt zu Telecaster-Gitarre,Brandneu |,"CHF 10,72",aus China,,https://www.ebay.ch/itm/253480237655?_skw=gitarre&itmmeta=01K8D64AMNF6CA2TMSSSQZDTRB&hash=item3b04997a57:g:NrkAAOSwu4hao6Vk&itmprp=enc%3AAQAKAAAAwFkggFvd1GGDu0w3yXCmi1cKjJq8nUVJdJN9usncSHH2slEmqeuvs3gEgaYflLjDmQYPkAuZR%2BoN1wIWlyztkKA%2BPf1dxz%2FhOwT6X7BjLaGmQ6%2BAJMEaQb6WFewUVN8FAvRdINImvixjm1pNhVwVfl%2FUyh4fcNCcmpXXDKf0DOwjYNK%2BbBA4IbG1MRSI%2Ffc2z0e6lt2QYc0iBurAMdaGIkHnNwFu9%2BfA323%2F6SLun3i59pe7Ie7unYy9zKXQuHNVUg%3D%3D%7Ctkp%3ABk9SR-SqkabDZg,https://i.ebayimg.com/images/g/NrkAAOSwu4hao6Vk/s-l500.webp
37 Key Keyboard Klavier Tragbare Gitarre Elektronische Orgel Mini Keytar Bil Rop,Brandneu |,"CHF 21,31",aus China,"+CHF 2,00 Versand",https://www.ebay.ch/itm/186045007678?_skw=gitarre&itmmeta=01K8D64AMNH8454Q8JADDSETAX&hash=item2b5125873e:g:a2cAAOSwQ1Zk5Fb9&itmprp=enc%3AAQAKAAAA4FkggFvd1GGDu0w3yXCmi1ei9KOWZbxEE%2B3TY5lssSeDQrWNovxrOjjAeUvLqH86mdMJV7kccVW4LXGkQobmdhrJart5QSaTj%2Fv2lyeEgg61zA1o45xnDLG5OcbSxxCHCaw7xXS%2BAtCzvmI34wztddGxQjsiF6yoAabKgEiea22%2FCbn%2FdXbzWyO45cAx9fxXLXmepYqh9uJpuu4QxVGAtFNaxz1ElFhBDu%2Bf58GN73h9DaI0UxaO5fR2k0ZSxgRRVzyJyBoPbwsD7%2BjZM422Oxlf6yeJo8Nm%2B%2FcW0xhnkib7%7Ctkp%3ABk9SR-SqkabDZg,https://i.ebayimg.com/images/g/a2cAAOSwQ1Zk5Fb9/s-l500.webp
Neues Angebot NASHVILLE STEEL STRING ACOUSTIC - COMPACT SIZE,Gebraucht |,"CHF 179,02",aus Deutschland,"+CHF 65,01 Versand",https://www.ebay.ch/itm/177520071924?_skw=gitarre&itmmeta=01K8D64AMNR1FAY3TMQ3Q2AZTZ&hash=item29550554f4:g:MjcAAOSwY3BZOErl&itmprp=enc%3AAQAKAAAA4FkggFvd1GGDu0w3yXCmi1f2ybYAj0qXhnQGr0mmYxF6laCPhyQpRvoLkA7yXqkpGsSV1mA0dphYyCPr74439rLqzbzYG6y4Y8Cb2WDqEy8QCEwpqP8OPF%2FnkTMI9gKKZE%2B5II01QwJU%2FGJ%2BlGy6c9MCFXVi6zUm8O5Gv82FNaa3j7rNcMHWrWcrvhaTAEISbqwL2jVrdlxl6VXKNEjvN5X4QD3Qv9pSh5BzGDpKzy4hOGAvkOKyaED4%2BmKi9wLvFI5yb65bWqlPvRVkbGs0X8AHAHp%2BioCrZTtGzzvjn11p%7Ctkp%3ABk9SR-SqkabDZg,https://i.ebayimg.com/images/g/MjcAAOSwY3BZOErl/s-l500.webp
Neues Angebot 3 Pack Capo Akustikgitarre Gitarren-Kapodaster Akustikgitarrenzubehör,Brandneu |,"CHF 41,59",aus China,,https://www.ebay.ch/itm/136653763304?_skw=gitarre&itmmeta=01K8D64AMNP3ASFGSR4AEZ252D&hash=item1fd132f2e8:g:pX4AAeSwZNxo-xU~&itmprp=enc%3AAQAKAAAA4FkggFvd1GGDu0w3yXCmi1d0mHQnelJdIIHkJmUNes89s31bgaBisyV2ADLPdmYsCcpy0Xg68ydHBJJK2lhJb%2F%2BXXHZLOxBZaYDze69DVsDMeyriwoYM93FFSR9LZIrhdsL%2FxsQlEB1%2FNsBpnOrRe6oO0q5Mvgn8lOqf9dof0wms7nHwyW36xh%2BuD2cuYXb%2BGC9tdgrWcJ2Fd0%2FtOUxmngbd49NwMOhIgERurt9ZFzAH9gX6ADh%2BfsPivxBWsXTzcf2tEK9o5LOd0yunikEI7UqqL%2B9U7bl5Sz3H5Y%2BJ77KZ%7Ctkp%3ABk9SR-SqkabDZg,https://i.ebayimg.com/images/g/pX4AAeSwZNxo-xU~/s-l500.webp
Neues Angebot 2 Pack Capo Akustikgitarre Schnellveröffentlichungsgitarren -Capo,Brandneu |,"CHF 30,50",aus China,,https://www.ebay.ch/itm/127451516916?_skw=gitarre&itmmeta=01K8D64AMN0VEXSHW3PGG188AW&hash=item1dacb3cff4:g:SNIAAeSwFyRo-xT9&itmprp=enc%3AAQAKAAAA4FkggFvd1GGDu0w3yXCmi1e6b%2B8rXD6MnmOzysIBPZex5qQW1nm0znO9NkSllKptaxBZf6cOk3PhHoBXYrD3tLUaJFuS9fXP6ktus%2FJfgSU7sJcPKkw%2BaG%2BxxC5vkRRnEtdWL%2FDZGVvBiVLsYfsuHILnrQAmcWBH3cK2214usmxSPZFVHthPI1WHDyA7C9BWXRVuj9bCuXpMtqwK9OHXaQDrbGKG1NZTbvKedOeadsU1gdEsSn73QoYTQh3xroEicvSHlMd1aIA7M6L2RKn9Vy%2F1qjnzkOLUafW16u5WX7nk%7Ctkp%3ABk9SR-SqkabDZg,https://i.ebayimg.com/images/g/SNIAAeSwFyRo-xT9/s-l500.webp
Neues Angebot Dick Dale Signatur Weißer Gitarrenplektrum - 2013 Tour,Gebraucht |,"CHF 13,77",aus Vereinigte Staaten von Amerika,"+CHF 3,44 Versand",https://www.ebay.ch/itm/205806060799?_skw=gitarre&itmmeta=01K8D64AMN5RSVCYN1MCERN1EP&hash=item2feaff44ff:g:XL8AAOSwawpXvdTd&itmprp=enc%3AAQAKAAAAwFkggFvd1GGDu0w3yXCmi1cg3UZoBv4IVDTMmkvk0pOuNTPQr3OtkJJThRhRBwPhZRDIxz%2FVLpLOkolSuNyYGUtsQmEYlgSVEpAIHcunVpP0wXniQZs3GcABfcA9tORwDtMZhv1uiYOc0f9D5Azo111fq0W3k40VolBCAS5FqV53maEBkyRzfjAA84TrSW93SBjSdKjoUKbn5SAMPkrlkrINHfBwMRdJHa70%2FeImkAV6Jo8chBuz62LWhETOc5UVlg%3D%3D%7Ctkp%3ABk9SR-SqkabDZg,https://i.ebayimg.com/images/g/XL8AAOSwawpXvdTd/s-l500.webp
'53 Tele Schablonen für Gitarrenbau Templates z.B. Fender Telecaster Reparatur,Brandneu |,"CHF 67,15",aus Deutschland,"+CHF 46,14 Versand",https://www.ebay.ch/itm/114135211907?_skw=gitarre&itmmeta=01K8D64AMN6MHW9108WPSMEJZ0&hash=item1a92fd1f83:g:2VsAAOxykmZTMD3F&itmprp=enc%3AAQAKAAAAwFkggFvd1GGDu0w3yXCmi1fEODudS5KbOAHNyvxz663sk0tMFpzcmI9TZwxuHXfUS5Sk0IbS1ueDPjmaBLz4q9%2FX26fJ1IJ%2BHSdiWodYP6wbUfpPBZFh7Vi4BfO516gQZ5iLw%2B0kxaqLRszpc9qtYRzyxsdn4kCY6p5yzY4rDJd%2FM3e2oCG%2B7vPEyvFC8q4xmBDPxc7HKvKncCf8CxFXmK8GuvpzeGJxXEr%2BzFf%2BdrIRQQDgHAxosW7wbj2psp3oMg%3D%3D%7Ctkp%3ABk9SR-SqkabDZg,https://i.ebayimg.com/images/g/2VsAAOxykmZTMD3F/s-l500.webp
Playmobil 6323 Western Kinder Hut Kanone Gitarre Junge und Mädchen Set top,Gebraucht |,"CHF 3,61",aus Deutschland,"+CHF 6,72 Versand",https://www.ebay.ch/itm/166649814657?_skw=gitarre&itmmeta=01K8D64AMN5FSKSKHW3E59FJ1R&hash=item26cd1a5e81:g:VtgAAOSw-9JeyVsh&itmprp=enc%3AAQAKAAAA4FkggFvd1GGDu0w3yXCmi1fcCSitYq7lB1sGqLyfrPLODPi9B9z%2Fj%2Fecr64t9NgJRg1CvjpGKPQ0SL4ozH0fg9%2BO3sDKR5iWyCwYFklWNWUW1kfhYDCNJfqzjI9efdLPmApUz963pxCe7%2FcuzvM7tRE0jnKSWbxWK7%2BDndp1%2BqVYBfkolHWFAF%2FQXFoy45BSaWi%2FtJzKzORAU1nGwn0SY9%2FtG0TKHw1VyFkMUWe7%2B7pYy9jE3eE4KI2pkGLIjmbpSvQfGLOR26vRFx9bISueajsSsPkPrpFN%2Fwr0Md2VEK18%7Ctkp%3ABk9SR-SqkabDZg,https://i.ebayimg.com/images/g/VtgAAOSw-9JeyVsh/s-l500.webp
1- Framus gold  Sticker aufklebe Logo auf Kopfplatte-ggf decale --suche defektes,Brandneu |,"CHF 2,98",aus Deutschland,"+CHF 1,90 Versand",https://www.ebay.ch/itm/127152936121?_skw=gitarre&itmmeta=01K8D64AMNC5NQ92A2HKK5BS4C&hash=item1d9ae7d4b9:g:RhEAAOSwTGBjuIGS&itmprp=enc%3AAQAKAAAAwFkggFvd1GGDu0w3yXCmi1fqmqrNKEKTG0NhWrxjIwQUF%2FspK7B%2BzquOdUqEhm%2FhmdZfhx6hmFK%2BYATwstaBh3oD1FT0g1SwctH1INamYZwJzplM5PIuQeZebHL8GUU5yCH2O2l2Lel5%2FqfZxm5wRyvRiIEJyXCfWPKaBc4dSlJioTAa2ktTbWB4q0QLgRaORfY74soI%2F5CQIe9liqN7p0s46qRluzRngHK51WbFXyUOIYyVHCZN4VMsQaTiJjHnpw%3D%3D%7Ctkp%3ABk9SR-SqkabDZg,https://i.ebayimg.com/images/g/RhEAAOSwTGBjuIGS/s-l500.webp
Neues Angebot Pub Prop Instrument Stütze Table-Clamp 'Ständer' für Gitarre / Banjo / Bouzouki,Brandneu |,"CHF 13,53",aus Großbritannien,"+CHF 9,54 Versand",https://www.ebay.ch/itm/127451404453?_skw=gitarre&itmmeta=01K8D64AMNSS52C5TDKKX4FHTC&hash=item1dacb218a5:g:-p0AAeSwgzVo~GYZ&itmprp=enc%3AAQAKAAAA4FkggFvd1GGDu0w3yXCmi1fEQmINu91iO75Wu48ucXqN4zdxSPjUeTxOwchfohVl9rRIHHpIo9TJw7s9nHHHdLm6g8vtdsb%2B9SwgR10wuaBf%2B5YDPwyhXakh7LNOxJwPjIt4U57ks8txLzw%2FDLkjMFnuxK2CSb6g7HWIwfXVEiLnoI9lsEBdUw6tum%2FeoVsEJRzR110%2BE6HiOgnuU9X%2BEpiWY3U8cj9Gvga0ODqu2cS%2FlYUT%2FY8pAvb%2FUmF1mfLNXn37%2Bkh89qcDmHsesVRAM9rFBcZvQ7JTy%2FJQ9uAs6DtL%7Ctkp%3ABk9SR-SqkabDZg,https://i.ebayimg.com/images/g/-p0AAeSwgzVo~GYZ/s-l500.webp
Fingerschutz Silikon 5 Größen Anfänger bequem Gitarre Schutz Finger,Brandneu |,"CHF 3,49",aus China,"+CHF 0,73 Versand",https://www.ebay.ch/itm/187163478850?_skw=gitarre&itmmeta=01K8D64AMNZ1NDJMB58EXM4F1X&hash=item2b93d00b42:g:fUoAAeSwdhpoB2Y8&itmprp=enc%3AAQAKAAAAwFkggFvd1GGDu0w3yXCmi1cD2U8ei5A32WTBxWvHDzxuaXJCt3niA%2BNScvPgUrrofi%2F7giMlEC75rhV%2FISNRxx2OY9sjXUPN%2FY7wBz2CWOiZ0Dj4Dng6Ut8fTWAltpSJ3QAr3KFOqVWl7OB0McJOOyxaSyhPhA3wNRWxoB669ytO8QfxTn9VUiGP7lyMzXUbm1dpJUSwpANVOw%2F0tcdiqvVhsBAS1p8CIJMHSEP5VCGN3XbKIC%2Fl0OCEyB1Re5ijAg%3D%3D%7Ctkp%3ABk9SR-SqkabDZg,https://i.ebayimg.com/images/g/fUoAAeSwdhpoB2Y8/s-l500.webp
5-Kern Gitarren Capo Akustik Elektrosaiten Clip + 6 Stck. Gitarren-Plektren + Tragetasche,Brandneu |,"CHF 5,55",aus Vereinigte Staaten von Amerika,"+CHF 12,99 Versand",https://www.ebay.ch/itm/365512535416?_skw=gitarre&itmmeta=01K8D64AMN0HJ7NYRA6RTASJYJ&hash=item551a3ead78:g:KygAAeSwQy5o5pDv&itmprp=enc%3AAQAKAAAA4FkggFvd1GGDu0w3yXCmi1fP3hLnj%2FBf0hSjcRCI90L9vG%2B7p28ADCiaeKOlsOHaIoDErdT4g7veG%2FxLX5OrOV3hrHODPeQrl8VGQe2xHJTHi%2FIB19OnzhwYt1eafCwOoQUDkyH2%2BKKTlbkYH9cyhIZIoLIC1YAhq9MCvMfbzJi%2BLy47C7Cg9Ddl9o1zexTpbtai8s0gGk0bHMvRWlFOgg%2FTqWclt1j3AbXHRzwvQ%2FEjSewovvveoWyN0N2YiqmMnGh%2BpoaF5TIBRvYp5okuDtX2EmMIwU2OyGYCTyYCb2gt%7Ctkp%3ABFBM5KqRpsNm,https://i.ebayimg.com/images/g/KygAAeSwQy5o5pDv/s-l500.webp
39 Zoll OOO Typ massive Zeder Akustikgitarre Abalone Inlays Ebenholz Griffbrett,Brandneu |,"CHF 393,95",aus China,,https://www.ebay.ch/itm/176537285218?_skw=gitarre&itmmeta=01K8D64AMNKR06GDE13DT8A0X7&hash=item291a713262:g:BUcAAOSw1mdmxvmG&itmprp=enc%3AAQAKAAAA4FkggFvd1GGDu0w3yXCmi1cO%2F3omEmOv2uuuqx6fq09oqoi%2B6WWb94z4oeiKvJF1W8VFX1DTmo8CeP%2FImU%2BzQwyJRUjTpuVFF9P2buogkyqhgprhQhIeAHGgSEH6w1bARUkCumY9Z74Fzx7gMfI6bHWWWXOffTC3C1TicmlLYr2VETsH5cO8b1AFUaiUvfz7UMwE8zUzHK%2FdCg5n%2FsfCjr56TOU%2Fc6X9rHm4UJfRY%2BQNkJ2cRHuEg%2FVMOu3h7P7G8T1NQYTQIOlu%2BHQoFUu5Rj4ACVH%2BpPsexuZ9OnQYF676%7Ctkp%3ABFBM5KqRpsNm,https://i.ebayimg.com/images/g/BUcAAOSw1mdmxvmG/s-l500.webp
Mehrfarbig Leder Gitarrengurt Einstellbare Länge E-Gitarre Band Qualität Neu,Brandneu |,"CHF 12,74",aus China,,https://www.ebay.ch/itm/388779241897?_skw=gitarre&itmmeta=01K8D64QT67BRE5J3WPFC9DSJM&hash=item5a850c71a9:g:dSwAAOSwCBJoNsJa&itmprp=enc%3AAQAKAAAA4FkggFvd1GGDu0w3yXCmi1eTXeUFimD9G%2BTZ9LXt%2BoI3%2B7NcwFoUmd6BTXab%2B1%2BwdUEZW0K8Mgv8kc6rklsDZeRulqOSu87eBIIysjdqIKnAc0fOX%2FsQSWnN1sOEkX3TLOkjPLQeIbI2M5WK%2FzqEcuys%2BDqOflkNTvcl0o%2Byr3gUqaFRWIW1OhRIq3GOot5TVdfHXuDVNxP3VIKtdcB6eVAWgVRJnVmAC5loO01vh0yufeumZZ0gZDWIZZbrRLilR0oXHWft26w%2B9IOmFP4d3w8XVlUZ%2FZLZNtm78WtsbMKZ%7Ctkp%3ABFBMrv2SpsNm,https://i.ebayimg.com/images/g/dSwAAOSwCBJoNsJa/s-l500.webp
"Gelbe OM42 Akustikgitarre 6s Inlay Abalone, kein EQ, SCHNELLER Express kostenloser Versand",Brandneu |,"CHF 264,67",aus China,,https://www.ebay.ch/itm/197648181817?_skw=gitarre&itmmeta=01K8D64QT6E1PG5S441X5FQ1RM&hash=item2e04bfea39:g:x18AAeSw0RporaER&itmprp=enc%3AAQAKAAAA4FkggFvd1GGDu0w3yXCmi1fgO2q81fpw%2FkNYH%2B4GMxBuzrQrXA5l4CZvtbiJLZXGb2A6ud51bgtxNak64T5HyZ56SHGn2RSbJU3LeWHpZKHDGyVuyv5ZNPtA9yphL%2BZ8o16z6S7nKhTjSGyb69cpEoTkjZM6i5P09MO88J%2FzeP6ByPL07APrGhbzq3ePaIleeBX%2BAC8nia6aEMy5ksnJ%2FKWAgnwBWaH%2Fkvi2Gf1%2BRTKA0X4zQXkHqUfroiA1r37xlERajIEvBB99%2FgxipSFj0lUpcDM5RhvznIkD%2BUBeGPBV%7Ctkp%3ABFBMrv2SpsNm,https://i.ebayimg.com/images/g/x18AAeSw0RporaER/s-l500.webp
Acoustic Guitar Kit 38 Inch Black Matte Rounded Folk Guitar With Spare Strings,Brandneu |,"CHF 55,82",aus China,"+CHF 2,00 Versand",https://www.ebay.ch/itm/257168861121?_skw=gitarre&itmmeta=01K8D64QT6SPAFV2M2YV7CXA83&hash=item3be07567c1:g:oooAAeSwfhFo-G~I&itmprp=enc%3AAQAKAAAA4FkggFvd1GGDu0w3yXCmi1doQKqdnBSpF4mQq5qds8NY1mD19BP5W0ZTpx%2BsezMQzRYrPPdMMLSfcfG9znVNBzO1nVBRoXC946gKxaFx49lI4Rl9oLO7uDCge5rsBJnxu0K6RDC3g4w4jZs1aiap5f0zGHii7PnYQYBC0fX3IKYlZvf6aH8vVGk0QJaPaD5S5sJrfjTJxdaQpX4jMOhMhTBNDQd0KcsD3JExfl5l%2FaCKV%2BsyJeyHZvPyKD4vEBTzLu2eQGu0PyFFE66qhnl8CKyhepmAbcynJnhmzkh%2FCZR%2F%7Ctkp%3ABFBMrv2SpsNm,https://i.ebayimg.com/images/g/oooAAeSwfhFo-G~I/s-l500.webp
39 Zoll OOO Typ massive Zeder Akustikgitarre Abalone Inlays Ebenholz Griffbrett,Brandneu |,"CHF 393,95",aus China,,https://www.ebay.ch/itm/176537285218?_skw=gitarre&itmmeta=01K8D64QT66VXA23YD6QS3B4D8&hash=item291a713262:g:BUcAAOSw1mdmxvmG&itmprp=enc%3AAQAKAAAA4FkggFvd1GGDu0w3yXCmi1cO%2F3omEmOv2uuuqx6fq09oqoi%2B6WWb94z4oeiKvJF1W8VFX1DTmo8CeP%2FImU%2BzQwyJRUjTpuVFF9P2buogkyqhgprhQhIeAHGgSEH6w1bARUkCumY9Z74Fzx7gMfI6bHXpv7beWHavGWCHZp%2B5S8EmbpU3Pq7lJSnrvnS%2FS5ry4BldeHfWwJ4Mi40a%2Fe3MllR8bSzZGd5bdRQ2Uj4pPNtMEap54fZwhIbcCcXqJJi8dfmOWAw7yN27dlyQ5mXQ2LWlZq4Qk33SmVt9XW%2FtGuBI%7Ctkp%3ABFBMrv2SpsNm,https://i.ebayimg.com/images/g/BUcAAOSw1mdmxvmG/s-l500.webp
SG Standard Full Face Gitarre Pickguard w / P90 Pickup Löcher,Brandneu |,"CHF 9,70",aus China,,https://www.ebay.ch/itm/253568934393?_skw=gitarre&itmmeta=01K8D64QT663G1FQXQ3VQBAMKY&hash=item3b09e2e1f9:g:6tMAAOSwXjBa1udQ&itmprp=enc%3AAQAKAAAAwFkggFvd1GGDu0w3yXCmi1f2NHlEuApfqaSft7aGZY7%2Fw5R%2ByMfgAlC0fLmKn0J3xPL0YgbyL7dT0XVdLEd0fsi1hATWDNwtMnqpCmebaVBWb3bMkuWEwcPNtJcPDpWWPQIur9NAVnUwM0O7zrL1xqR7dIS66dvpWrxa5MQ%2B4%2BTjkHeYQq2LynviPP%2BoUgFIcAeGiPmz2fDW1uBg3woDuJSvWCBAPJJvi%2FoQadyOKskt9aVBx8Ge66hXLR3%2F7F9C8Q%3D%3D%7Ctkp%3ABk9SR679kqbDZg,https://i.ebayimg.com/images/g/6tMAAOSwXjBa1udQ/s-l500.webp
Neues Angebot Pub Prop Instrument Stütze Table-Clamp 'Ständer' für Gitarre / Banjo / Bouzouki,Brandneu |,"CHF 13,53",aus Großbritannien,"+CHF 9,54 Versand",https://www.ebay.ch/itm/127451404453?_skw=gitarre&itmmeta=01K8D64QT6EMGTN50DDJ2FEJ46&hash=item1dacb218a5:g:-p0AAeSwgzVo~GYZ&itmprp=enc%3AAQAKAAAA4FkggFvd1GGDu0w3yXCmi1fEQmINu91iO75Wu48ucXqN4zdxSPjUeTxOwchfohVl9rRIHHpIo9TJw7s9nHHHdLm6g8vtdsb%2B9SwgR10wuaBf%2B5YDPwyhXakh7LNOxJwPjIt4U57ks8txLzw%2FDLkjMFl2cwUEc2n29vcoPkqZo5n2iYd3tkfFmuYPNUFrQXMidFgyOUT1Z%2FmzkfGZG7jxafMzeepp%2FL9Z%2Blg88nC7Mo2FxlmpvCeGHn%2Bvl762wTiMecNGtS7%2BJGE35G5FfJ9DGmAe7Ibw6cXUimiNsiLZ8We8%7Ctkp%3ABk9SR679kqbDZg,https://i.ebayimg.com/images/g/-p0AAeSwgzVo~GYZ/s-l500.webp
38  Gitarre Tasche Oxford Tuch Schulter Gig Tasche Hülle Mit  Gi4094,Brandneu |,"CHF 10,99",aus China,,https://www.ebay.ch/itm/146910405918?_skw=gitarre&itmmeta=01K8D64QT6CA8MF6R4RSHFPEQ9&hash=item22348ae51e:g:u34AAeSwp~xo94Fr&itmprp=enc%3AAQAKAAAA4FkggFvd1GGDu0w3yXCmi1cqouoQeAvQ70gPLGAJiGSdd1JWyPF3o%2B6%2FfuK583fRvWOxqoQFfXwYW0Kp5ERy993nbhnocKzAzvhAk7bHvlOcbGGcIv%2Fsfo6frysaN6n4F5%2Bjs7Lf2DMo26Wp2i1zuBy7g41OcJF1yY3Ic5%2FY5Wvt2f2ukAGnCsve63%2Bx%2F6HZzZV314kQD0P727XK3Y%2F7B2ZWd11eMS9Tl8fk3NHjkIeUU4A3rrdgWkIeedeifBzZmtI4IbW6L2azLGRoJgl3U9n989c1VEwSelCrLy7JAXoX%7Ctkp%3ABk9SR679kqbDZg,https://i.ebayimg.com/images/g/u34AAeSwp~xo94Fr/s-l500.webp
Neues Angebot NASHVILLE ACOUSTIC BLUEBURST FLAME TOP,Gebraucht |,"CHF 189,02",aus Deutschland,"+CHF 69,01 Versand",https://www.ebay.ch/itm/177520071927?_skw=gitarre&itmmeta=01K8D64QT6RBCR56XZQ0Z76W1X&hash=item29550554f7:g:U~4AAOSwU8JZuGAI&itmprp=enc%3AAQAKAAAAwFkggFvd1GGDu0w3yXCmi1fiWl5qrpBEoYagBce9S7Lj6nOeb7O5zEZXzxGzXwPFb04JlXSnOIATBkyOj4GzW6pEkxy4aHBJC6nadGqPnQCYxMRXouVP4kGIj0XyEhFhdBAXFW37PiWQ4XNV1qLzOK7Kt7nNJT5%2BOpZD91sT0YZ%2BLVGUJUvhgJNpJ%2FXPhcZgp%2Fzy%2FsCgPVoaWi2T8fTYR4u7h36fD5qhc76qYX6kRtaGc4e8NNkbJI5zIzggWvWVow%3D%3D%7Ctkp%3ABk9SR679kqbDZg,https://i.ebayimg.com/images/g/U~4AAOSwU8JZuGAI/s-l500.webp
"Aufblasbare Gitarre, Blasgitarre, Geeignet für Weihnachtsfeiern und Geschen8663",Brandneu |,"CHF 10,99",aus China,,https://www.ebay.ch/itm/167879540903?_skw=gitarre&itmmeta=01K8D64QT6MQ1WBN1STSVT25JQ&hash=item27166680a7:g:s7UAAeSwfC5o-hqI&itmprp=enc%3AAQAKAAAA4FkggFvd1GGDu0w3yXCmi1f4ZT6gbfp14CjCFHK%2BKBzCJMIIibGxC%2Bn5XDO4AIwlB91v4QnzMoypC6%2Bnue%2FCnhwNi0eSbNbRNZeSPp%2FtQA6Kx2iU6g5e7kHY4vsNb7WQrNH7EsyZ5Tj3RMcXkb8V5M1Fgs%2FTysKs6%2BI5FOzvjBL49Q6pwZX0IPMcZ2EWvFFGWE%2FCSxJNoctY3VHTz21uoXGjDU9jP%2BHOxPJxKKnQHz6vEePKpvZGRx957S2SK1rxOMuD31%2F200ciG8gwWOjx7HfxdNYBQDmej1Rw3peiCsf%2F%7Ctkp%3ABk9SR679kqbDZg,https://i.ebayimg.com/images/g/s7UAAeSwfC5o-hqI/s-l500.webp
Neues Angebot Gitarre Zubehör Set Für Akustikgitarren Gitarrenausgang Klinkenbuchse,Brandneu |,"CHF 6,88",aus China,,https://www.ebay.ch/itm/167883867127?_skw=gitarre&itmmeta=01K8D64QT60VC8DQDPVQJ1ZC6J&hash=item2716a883f7:g:Nf4AAeSwjPVo~A5v&itmprp=enc%3AAQAKAAAA4FkggFvd1GGDu0w3yXCmi1dGEKGBS1U180IBR5PvnmVrolVCuQ%2FiINMv0P25MK2%2FTkL4jY12ufifEG%2FdkatksbDDvn4%2Bvu4Z%2F8lIgZAiYbt3ngjREsZr3EXz9LC1iHFxe%2BwrpH70%2F%2B74q9UX449t3gkmbqSPEkK4%2BIZovogJ%2FZle3JoXo5xdzHe4or8zrOibVfJVad8jOhAXHM%2FZQi7VygxD6Kwi%2BGBaz4p17AJuA9TzNDoE2bBRVonqKHZmvt0JxzalaiUXrnEKK58On%2B%2B%2Bhp8KxW53NnRgZw0p0sEWvV67%7Ctkp%3ABk9SR679kqbDZg,https://i.ebayimg.com/images/g/Nf4AAeSwjPVo~A5v/s-l500.webp
Neues Angebot Gitarrenbauer-Werkzeuge Gitarrenbauer-Werkzeuge für Gitarre Bass-Setup silber,Brandneu |,"CHF 20,75",aus China,,https://www.ebay.ch/itm/205806106137?_skw=gitarre&itmmeta=01K8D64QT6GX0HJFZ098SFKWVY&hash=item2feafff619:g:NM0AAeSwz0Jo~G~g&itmprp=enc%3AAQAKAAAAwFkggFvd1GGDu0w3yXCmi1fanLOvOtL9rzXpEi%2Bqsn4DDquYMuDLR0CIgFIpw%2B83k1guBJGApMOXYFqL%2FMoAgtjb8V3I3s7GtZkvK5M94n%2FaLU1wH8Iq2YXU5q%2BUlHlngwjtTUnLqfwyvpir7VT00yy532nLqzZN%2BuXz5qvsnGuXqQ2ysKZsvW3HMMrUdlFObh2i%2FeXN7mqKyQ2cntvW2nn46IeCNoSplj507U3q%2BSI0kVO%2FPiZYl9vrAsUhvb04Pw%3D%3D%7Ctkp%3ABk9SR679kqbDZg,https://i.ebayimg.com/images/g/NM0AAeSwz0Jo~G~g/s-l500.webp
"Ringmod Multi-Modulationspedal für E-Gitarre, Ringmodulator-Effektpedal, Zu2793",Brandneu |,"CHF 32,99",aus China,"+CHF 0,59 Versand",https://www.ebay.ch/itm/197506748533?_skw=gitarre&itmmeta=01K8D64QT6X3P9RJMJEBDH7VE6&hash=item2dfc51d075:g:ItgAAeSw0pxoa73u&itmprp=enc%3AAQAKAAAA4FkggFvd1GGDu0w3yXCmi1fKodi89nYbK09RMoD9Ij8anhP09cPvLiiZQfW6gVcISIPDC%2FAhgIFcUWdvwtbRwWJLfaUEE4F0mwlB1jqIj6W4V70OkqxfV8udrsZz9uQKNjR3bJPDaqp0GmBXw2FM1%2BcWrOg5mWpl7vAiT7QxNnBD%2BSmP0LeLQGP340wdmQ7d5zUf1o0SRtqCoE5r7%2FwMusbCcZJuF5zMio%2FgjvVMe1CkZj0aePJRwX1mOaGNbiqmYvdVG%2BBCNsSjmagCbUUPWqMlbPpTQgmsm9%2BbTOL1kJWM%7Ctkp%3ABk9SR679kqbDZg,https://i.ebayimg.com/images/g/ItgAAeSw0pxoa73u/s-l500.webp
Genesis - Selling England By The Pound Atlanti (Vinyl 2LP - 2023 - US - Reissue),Brandneu |,"CHF 68,07",aus Deutschland,"+CHF 12,60 Versand",https://www.ebay.ch/itm/357039124967?_skw=gitarre&itmmeta=01K8D64QT60R9BGEAJ2EN2KMHX&hash=item532130b1e7:g:X3EAAeSwp29oQV2C&itmprp=enc%3AAQAKAAAA4FkggFvd1GGDu0w3yXCmi1cChe9nn%2FVkYVUcNRFx4b3rYmxC45zLdRavY%2BIcZ%2BU2A3xoUb%2F0WeYjFNEZ2jOpY9CNzxQiSFZykNjdrlRbcx%2F3nRdEt2bMlJfmPPD1eX9qE6Nw275aOuUBR0a8QBiT0zAYXJXhMbji7syPegw%2BFrAoSommspIrNxyuxyypdSTYa6YZ5NYYMQGPtJemSqaZgyyKXoQSPYi4o1cxSXXI3BgbEoDlH4ajcGuDoSTomiaYcFBRZSLqqVTd0M4kMA1plgIBgQvCm0A0pvbd6plAryPi%7Ctkp%3ABk9SR679kqbDZg,https://i.ebayimg.com/images/g/X3EAAeSwp29oQV2C/s-l500.webp
"20x Gitarrenstreifen Bindung Purfling Inlay Gitarrenbauer Purple Heart 16-1/2"" (420 mm)",Brandneu |,"CHF 13,75",aus China,"+CHF 3,44 Versand",https://www.ebay.ch/itm/266497734741?_skw=gitarre&itmmeta=01K8D64QT671489D7QGHZDN01H&hash=item3e0c80b855:g:SggAAOSwqktlUxFj&itmprp=enc%3AAQAKAAAA4FkggFvd1GGDu0w3yXCmi1d9%2B%2B1ro3K4RgSmoaFm3qU22LOaUKj8J6OcFfhAwXyMsw93O3JIgYKHw8onpaZNyDQKvkxt9qSxLFDlzgVsbvmuFujyTFxEUgwWk0owoNkg4x29z7%2ByrFdOawqrHHRED1JWwsfvQGV8Y2HnmCiRvE1iq87TpZqYGtTsL8cH6IT1w5KWFy0KabK%2Fvtyb8oVae9%2BwAPskrfEEyrqgXrf3hrGac%2BlfJQIRBIaLjmlyhZV66uZZ4aoECH2lkI0mWs4sSeNZCuttI6lsJ0QHUxNmUjZh%7Ctkp%3ABFBMrv2SpsNm,https://i.ebayimg.com/images/g/SggAAOSwqktlUxFj/s-l500.webp
"50x Gitarrenbindung Purfling Inlay Gitarrenbauer weiß 33""x1/16""x1/64"" (840x1,5x0,5 mm",Brandneu |,"CHF 11,60",aus China,"+CHF 3,44 Versand",https://www.ebay.ch/itm/266560277735?_skw=gitarre&itmmeta=01K8D64QT69601CQR2TT8EZE40&hash=item3e103b0ce7:g:8ogAAOSwOyJld8bR&itmprp=enc%3AAQAKAAAA4FkggFvd1GGDu0w3yXCmi1cBFjBECyjtTazpqeZoJJfdo58Jk7y3aMBHVxEh1nJRd3qjPjAL80LjUW3tF2senbQ4QeCDKL1B3tUw7NbPLZHqBLSo%2FvufA2wJC5JB22Eni5jXEb0nDj9acxVLIPsJVhv6JNC%2FkBEJyBO5PqxAuubad1jIUc2zc9QvG5MHvZgdvpahoXsbf0WzrWH1WQL001KqnlWhIN7CNXphG%2B5NC0YkcItc0g5xjfgDA6lSqstMkiSm0i4CqmcMya8zeuPhRVCGX%2BEAR6G6HF%2Fx7GxbBWjV%7Ctkp%3ABFBMrv2SpsNm,https://i.ebayimg.com/images/g/8ogAAOSwOyJld8bR/s-l500.webp
6x Gitarre ungeschlitzter Pin ungebleichter Knochen Abalone Schale Punkt Gitarrenbauer Brücke H03-N,Brandneu |,"CHF 10,31",aus China,"+CHF 3,44 Versand",https://www.ebay.ch/itm/256501907690?_skw=gitarre&itmmeta=01K8D64QT6G6DFQATVDE4T5WSS&hash=item3bb8b480ea:g:zwgAAOSwIDJmOFLB&itmprp=enc%3AAQAKAAAA4FkggFvd1GGDu0w3yXCmi1cc3e34aJKehswuBdQ8fuFtpxPGPBYQhxez0fC6oLcM8X7CUo%2BrLFr7mswc4gRlpi9G2XQikW8bl8PNgajGEZ4CMiLyoNsynt51Cp1YdFv61oVUnc226MmQqe48YNpC4yVJjtprg0WB6y9AkWtRMzICEHTURUlGTLHjnsXQ%2BRF%2B%2B%2F00zkSVoY7RNV%2BJJdhu%2BFbUAOzBBU08v8d1cuTAwGESVEyiprEs8s8bMktI1iUdAi5QtCJnjKAkQERrejksm%2BlNxJ12PeVK%2BHDOE8U98LZ9%7Ctkp%3ABFBMrv2SpsNm,https://i.ebayimg.com/images/g/zwgAAOSwIDJmOFLB/s-l500.webp
"Gig Bag - GITARRENTASCHE 10mm gepolstert, GROßE AUSWAHL ALLE GRÖßEN u. FARBEN xx",Brandneu |,"CHF 14,28",aus Deutschland,"+CHF 27,65 Versand",https://www.ebay.ch/itm/143438720723?_skw=gitarre&itmmeta=01K8D64QT6CHZTAYAQPNAVV26E&hash=item21659d2ed3:g:YWkAAOSwMQNfl77k&itmprp=enc%3AAQAKAAAA4FkggFvd1GGDu0w3yXCmi1eOmdaHWRk0Hk%2BekQ4mjOpJmWdn3Az911ZWoeJTpbwDiGKbzlnwbBpqg1Y6A1xtpeXqUVz5RIDmAgyfb0Ukbt6x7GdLdnNtnCgr9jHyDDd497IKbU78oKn14yIKXDkNFYI%2FWvv07G13zTaBATbEyNv6NzZbibRfFTXlEXRncW2gjkJLhfWzmuecGG9nUtyUrgRZbToK7jwPRJk1tVnsRtZPYcQqNXieBAe%2Fc79AfL%2FBGJljsvYOWl5skGH4xFY0JDmYQtZ2WSRooq2xrkurd5ai%7Ctkp%3ABk9SR679kqbDZg,https://i.ebayimg.com/images/g/YWkAAOSwMQNfl77k/s-l500.webp
"6-Saitige Gitarre mit Rollensattel, Vorverdrahtete Kontrollplatte und Stegp3921",Brandneu |,"CHF 20,99",aus China,,https://www.ebay.ch/itm/167879579735?_skw=gitarre&itmmeta=01K8D64QT655WKMM90TWF2NHXN&hash=item2716671857:g:TFsAAeSwU2Bo-h-8&itmprp=enc%3AAQAKAAAA4FkggFvd1GGDu0w3yXCmi1dYGcd6WiZU1DGVw%2FN%2BPTkXs%2BmfXwpxK1h8DbyNsg%2FYYMoAT5FiXSrUirlfAWl0YSkYk08p51tuRVtihDwBmpvygnTCXuJAO%2Bc1tswA4YYmNaNrFndjDzrPYH4F4vjOnREcXJwDrhorZnzF0yEKlF7v36HW7sGVWS2C3016Dz%2BNmKpB%2BgNW6FQ6faoawNU7Ep6mzW9KW0Sirkw3iEmQibWldUvwAUb3wLwdsrY84bM8a1LBN0PEICCDcwxyyQQGTTXWfUFvpwSUVlzs5uCla30Z%7Ctkp%3ABk9SR679kqbDZg,https://i.ebayimg.com/images/g/TFsAAeSwU2Bo-h-8/s-l500.webp
Neues Angebot 6 Pcs E Gitarre Zubehör Gitarren E-Gitarren-Zubehör Gitarreneffekt -Pedal,Brandneu |,"CHF 7,21",aus China,,https://www.ebay.ch/itm/167883494958?_skw=gitarre&itmmeta=01K8D64QT6CHG20R2VYSWQREBS&hash=item2716a2d62e:g:TlAAAeSwx1No-u9s&itmprp=enc%3AAQAKAAAA4FkggFvd1GGDu0w3yXCmi1cuRSrljJk9I%2F7xffsK%2FfLalamcw0o%2Bt5bnMxwIneMWFI4rA96G5iIJlG%2FD7FRKysfY2KYc1YgUR1dFQUZySFv3sBjU%2B34%2Bfgpv5lyvam0ppfO7mrHGctfsASqDOAq8pDRE0LdqkNnMX5mdAoUQ9kIxnZAZShfB8n5tP1k6N8UEFMthTZNpwYyy%2FFUF%2F4MWg5lIb0tyXfiG6C5p6gyjH0rrSD8rB8pH5SvbaxYWC3PjjIwjH2qtT8vhugGopztngPR5%2BGeCP3vvMD0K6kMhsgRD%7Ctkp%3ABk9SR679kqbDZg,https://i.ebayimg.com/images/g/TlAAAeSwx1No-u9s/s-l500.webp
Neues Angebot Klassische Akustikgitarre Pickup High Sensitivity Low Noise Arc Sound Hole Zu DE,Brandneu |,"CHF 10,03",aus China,"+CHF 2,00 Versand",https://www.ebay.ch/itm/136653579901?_skw=gitarre&itmmeta=01K8D64QT61N27FGXYVNZFNCYB&hash=item1fd130267d:g:QSIAAeSwBexo~HZC&itmprp=enc%3AAQAKAAAA4FkggFvd1GGDu0w3yXCmi1cMjs6RqZJnUQ4c0%2ByKnaY%2FYRgd1Ol2Z1kB7koiLvoVbSQAEjyO6XuU36UjjHwpwr%2FPJgfJ75xx1KtwCS6CYW1a1YyU79uTPGgXyY3mt3mzwAwifvaI97PTL9L%2BBxRWB7yoiK4jaEzZnmGFucCsirPi4lrLWLD05JmZqTMxCFWeVPxPikW8V5Y2STj2Rbj140RkK4z0iliz7%2FEvsjmXOGSUQYbPP8IVm0wt7OH0yu3lrKTIkSvyId4A44wDmkXOsRhxTDXAyaLFI1scbky6SxVL%7Ctkp%3ABk9SR679kqbDZg,https://i.ebayimg.com/images/g/QSIAAeSwBexo~HZC/s-l500.webp
Neues Angebot 2 Pcs Stimmwirbel Gitarre Instrumententeile Musikinstrumententeile,Brandneu |,"CHF 9,48",aus China,,https://www.ebay.ch/itm/146918450104?_skw=gitarre&itmmeta=01K8D64QT6W3AKGY4QGV15YA08&hash=item223505a3b8:g:nbQAAeSw5Vho-v3r&itmprp=enc%3AAQAKAAAA4FkggFvd1GGDu0w3yXCmi1eC92shUV0eCBMfkiyz%2F3%2BeUUfhJJIrcsA8ZLrFk9CYu5FccxXh3xC%2F8Th%2B6S0HAwu%2F%2Bs7e7%2B2PGl3j4Rp87%2FisDutZ8u8%2FZWJkPBJQ2W23iZ0TpMtTxLJbmS7omx%2Frfgjrlg5XN86bCspF63MXgrB5e2a7ev28cpxkPijUbdXQgIKQH6rI7RALrXtPUHOFbKiyc7WUkYFmTifq7JCLIBWBSJlS20wSE%2ByWLJRx1hBrwbpH6AuT9O0lrlQmLMTDYQW3V5lWwjSyoqdnGNe3jqCs%7Ctkp%3ABk9SR679kqbDZg,https://i.ebayimg.com/images/g/nbQAAeSw5Vho-v3r/s-l500.webp
ag98★Woodstock Taube Gitarre Aufnäher Bügelbild Applikation Blau Patch 7 x 7 cm,Brandneu |,"CHF 4,19",aus Deutschland,"+CHF 2,93 Versand",https://www.ebay.ch/itm/112401184575?_skw=gitarre&itmmeta=01K8D64QT6G7F6GCGTC76KYZ9P&hash=item1a2ba1f73f:g:GoMAAOSwZ4dZEVqX&itmprp=enc%3AAQAKAAAA4FkggFvd1GGDu0w3yXCmi1dvbzCYvv%2Bp%2FzDS4lwi1vG4nuW7eougINHhdyieTAQ79NgzZPL6yXfyTsEu4Y%2BPkI45om3qN6nafHvqTRJSnkgeLGv9mfso22N3IQWzxmYSanIzQBEoHsnNzMJDvt4uAl7Qe9Kvnt1T8m5Jj5o5XrWFUBibQ0jx3X%2B4AdnT3uzctetKJFVhb7FcqUWi3iIdfdNo3hCje3bcYZ5%2FDDtPgYzRxfGH9WFPtqjD7w1m8c4kziVHAzlHFrR5gliVVHL7uL0%2BLnAcE9%2FkXZ1W%2Bd%2FowkBM%7Ctkp%3ABk9SR679kqbDZg,https://i.ebayimg.com/images/g/GoMAAOSwZ4dZEVqX/s-l500.webp
Ernie Ball 3 Sets 2221/2223 Regular E-Gitarrensaiten 10-46/9-42,Brandneu |,"CHF 4,39",aus China,,https://www.ebay.ch/itm/388919260057?_skw=gitarre&itmmeta=01K8D64QT6A8K95HT4KQHBCYTA&hash=item5a8d64f399:g:VE0AAOSwWqJnT8FW&itmprp=enc%3AAQAKAAAA4FkggFvd1GGDu0w3yXCmi1czAQCSKAq71YRj58TUo%2BGX7AUKDZw1m0W8ILE5RbCL21tDVezp8Ce9umAw42O%2FwpjO7VyeVuFq5TfQy38FULQpbOJI2yVLOgjCCEuNvMnRQewjMNwf8F2pxyPpqhuV1Cz0eC4WGaE%2BTe9lWyw4I4%2F18ZLEJ0E3By7999eRNo5pe3x9lJLA%2Feat4cJJyOP1rfwFERAiu1vib3xGqHhqb60JCHriDoES%2BAT5VS5qm%2FfHs3K2aLFGjeR8TObXOcIlSqNN1Rct6x%2BUOWfQ1lRWjWVB%7Ctkp%3ABk9SR679kqbDZg,https://i.ebayimg.com/images/g/VE0AAOSwWqJnT8FW/s-l500.webp
Neues Angebot 3 Pack Capo Akustikgitarre Gitarren-Kapodaster Akustikgitarrenzubehör,Brandneu |,"CHF 41,59",aus China,,https://www.ebay.ch/itm/136653763304?_skw=gitarre&itmmeta=01K8D64QT6459DGNGE3VVF74NJ&hash=item1fd132f2e8:g:pX4AAeSwZNxo-xU~&itmprp=enc%3AAQAKAAAA4FkggFvd1GGDu0w3yXCmi1d0mHQnelJdIIHkJmUNes89s31bgaBisyV2ADLPdmYsCcpy0Xg68ydHBJJK2lhJb%2F%2BXXHZLOxBZaYDze69DVsDMeyriwoYM93FFSR9LZIrhdsL%2FxsQlEB1%2FNsBpnOrRe6q15Es%2F3wmL9Yd9RU4Mc44CyOrM4jq5DLDAYuUCseqG48iyDjcd3168XkgZIK5KXt%2FqICRfRLwaFo2nO8NEqfK6QwrsCz2wcYI8rGrZPDAMGR7Lc0XzgdyLFxk14HmywKkIGKtZAEwEIjJnlCLEa%2FJH%7Ctkp%3ABk9SR679kqbDZg,https://i.ebayimg.com/images/g/pX4AAeSwZNxo-xU~/s-l500.webp
Neues Angebot Dekorative Aufblasbare Gitarre Musikalische Partygitarre Gitarrendekor,Brandneu |,"CHF 4,19",aus China,,https://www.ebay.ch/itm/136651697155?_skw=gitarre&itmmeta=01K8D64QT6AKJJE825WGWQD3CX&hash=item1fd1136c03:g:IKgAAeSwcfpo-neZ&itmprp=enc%3AAQAKAAAA4FkggFvd1GGDu0w3yXCmi1eLN5rInLJetNAVIoBkIhPj1DlkJsy833h5ZDqE9F5L8BmFAymKaYsrv6Bt1hwNWVBBzqKwddMJLfOoT%2Bv9h5ZuuU1ZpyBbJHhkyZFs%2Bom%2F2F1ikpPDOhvgtnF%2BGVFaePK7f9ElEF3jZ5u3rubvykOC7jIJNcWVIUvv8HZdRGnJUM%2FWJkaFW%2Foi1RNtnsQCUMS1p%2FiZn9uwJk7Sfyq4Ya2SM%2FxmYn4bugqVfZPAmxVz2E7qjoFbo614zMoOy7EjXBZEpu3NyQD%2BoUSwCt1J406A%7Ctkp%3ABk9SR679kqbDZg,https://i.ebayimg.com/images/g/IKgAAeSwcfpo-neZ/s-l500.webp
Neues Angebot Gitarre Accessoires E-gitarren Zubehör Gitarrenteile Für Bassgitarren,Brandneu |,"CHF 6,26",aus China,,https://www.ebay.ch/itm/136652459692?_skw=gitarre&itmmeta=01K8D64QT6E9ABE6H3AVD1MXRP&hash=item1fd11f0eac:g:~H4AAeSw3aRo-uPS&itmprp=enc%3AAQAKAAAA4FkggFvd1GGDu0w3yXCmi1fxdA8jw6b5NDbWC9DSUG7TW3I9%2BR3ykabR%2FIW1C5og9xLECUcbeIlkoCu6zlTU6%2BEWNy82B%2B4nWPbPjbl3BOujWppjWOPapr%2F2yGA1mx9OvasM0w2INRMhfzsenWvd5INNGGGD3PxzjnZQ9P6ieGgHvTMh7R%2BS%2FLoXTda0mbiGZ7KYbytXaNAO2pjtSA5W6sSaRlF9laiQvyNPEbP5k9KNq4wfOXsWH2zURMUxO%2FSfVwrzugPIApowCjyvj0Bn9PvaJDFcPstxlPl5b23yjXn4%7Ctkp%3ABk9SR679kqbDZg,https://i.ebayimg.com/images/g/~H4AAeSw3aRo-uPS/s-l500.webp
Playmobil 6323 Western Kinder Hut Kanone Gitarre Junge und Mädchen Set top,Gebraucht |,"CHF 3,61",aus Deutschland,"+CHF 6,72 Versand",https://www.ebay.ch/itm/166649814657?_skw=gitarre&itmmeta=01K8D64QT6P6T3Z5Q08VSCKK8F&hash=item26cd1a5e81:g:VtgAAOSw-9JeyVsh&itmprp=enc%3AAQAKAAAAwFkggFvd1GGDu0w3yXCmi1dqdocLP3gVmNSp0TpZefXcGT6HitBKTl7PbnmWTrj6rk0yPysyuq0%2BjQcRQnl0tTj3Aba6Dww%2FZuQoS8nZwZxSlE3hIXwnFXKrir0qMafHhg9Y1XpV1WQPr1X1%2FaO%2BFs5RMvzMteXzsr99jvn0cRPZZN9q1%2FzRpDa0qQeCeRbl2OS%2FnASb5YQ3uUTZVVyTZ3bhXmzEI9Enygw3b%2BFCCaW8S4lPj%2FLYi7eduKNnOg8BIA%3D%3D%7Ctkp%3ABk9SR679kqbDZg,https://i.ebayimg.com/images/g/VtgAAOSw-9JeyVsh/s-l500.webp
"Neues Angebot Folk-Gitarre, E-Gitarre, ,  Baumwollgurt mit Kopfplatte, Plektrum, Kh4177",Brandneu |,"CHF 8,44",aus China,"+CHF 0,59 Versand",https://www.ebay.ch/itm/205804477939?_skw=gitarre&itmmeta=01K8D64QT6KZ06FXMVTEMRQ58H&hash=item2feae71df3:g:7gAAAeSwA0Bo-1U2&itmprp=enc%3AAQAKAAAAwFkggFvd1GGDu0w3yXCmi1eTTaCP0kBRjPIHDWa7Mxyc0yjteaGb%2BGglf1n6Yr3kJwyrKoQn7bjQxypJ6rZrXZmNpNqw3yVvhN2p9K8n1yWQdeigUN6ZdIvhv4a2sSHLBCyoSzPbhJZJusmFr9H4oGy5ZabOYAmct0RcTyhtNQAs9b3Zj8Fj71BAT%2FqWoAoi7UVACitiL%2Fh18IwFt7oKnaAqkIVXtxRjZPqkrdLJV5pIgmrDfZOq9Ak6wzwueD%2BkNw%3D%3D%7Ctkp%3ABk9SR679kqbDZg,https://i.ebayimg.com/images/g/7gAAAeSwA0Bo-1U2/s-l500.webp
Tremolo System Elektrische Gitarre 1 PC 6*3 Cm Bewaffnung Des Einstellers,Brandneu |,"CHF 11,02",aus China,"+CHF 2,80 Versand",https://www.ebay.ch/itm/136645189475?_skw=gitarre&itmmeta=01K8D64QT6X7QTZGDAN4XFX5NS&hash=item1fd0b01f63:g:6UcAAeSwaLpo-mA-&itmprp=enc%3AAQAKAAAA4FkggFvd1GGDu0w3yXCmi1fpS7hEmqe%2F3M%2F4tSya9KOypf6Qxzc4zyv0bT%2BRvDGI8BJ%2B1i7xK7xMJJaf6gdo7cWxUEpktgrBx3tBMijLF6Ej55ch0zgr%2BlwKwRLnI%2FlH8fClR1xVztphQjMm9SZurG%2FyzrhL5xITAzyWAcRMmZzzXKtPJB8AXx%2F0AO9yXR5g%2FDPKY87Hoa9o6zoTGp07oV%2Bw5mpp%2FsuoSLSwtcoROpUEGQQvVOQG6GZSmFF3uJEJbinKoI1NWlYeBzrGyWbNYtI7C30gV45IdWsZnpCeiZYw%7Ctkp%3ABFBMrv2SpsNm,https://i.ebayimg.com/images/g/6UcAAeSwaLpo-mA-/s-l500.webp
"Luxus komplett massiv D-Typ Akustikgitarre Abalone, Ebenholz Griffbrett indisches Palisander",Brandneu |,"CHF 675,22",aus China,"+CHF 50,75 Versand",https://www.ebay.ch/itm/396913202024?_skw=gitarre&itmmeta=01K8D64QT664J1HB050WE6J4M1&hash=item5c69ded368:g:ZEIAAeSwxhNoieVT&itmprp=enc%3AAQAKAAAA4FkggFvd1GGDu0w3yXCmi1foBd7F2%2BRJt5w9ckjAGx10DpHS9hBxYtiJGKOlYltkoFmfDgOrc2qtzti4X60hwcnYStqF%2B3ecNmwWUk1kaxSe2e1j7trfCO8dqjwXfk1%2Fd4f1qnl%2Bya%2FQinX%2B8OJiFPQ0lVIAsp1V9KuVpEBZrLni%2BIQYYvAwSKQStIKZlykHKz%2BGXEs06nbueALfGqCcflewXlkEp2jJyHdjsBX%2FU969Ly6XZrXNngiVWPNGBew2zQ8x3sFDKN7GAf0arSvLAsSft2bRjTmhlntyTYqStD0j%7Ctkp%3ABFBMrv2SpsNm,https://i.ebayimg.com/images/g/ZEIAAeSwxhNoieVT/s-l500.webp
Demonfx YJM308 (DOD250) Gitarren-Effektpedal Overdrive Verzerrung Vorverstärker,Brandneu |,"CHF 39,39",aus China,,https://www.ebay.ch/itm/177433526481?_skw=gitarre&itmmeta=01K8D64QT6WN3EGRPQQF5N9SB9&hash=item294fdcc0d1:g:3bUAAOSwR6ZjVkEk&itmprp=enc%3AAQAKAAAA4FkggFvd1GGDu0w3yXCmi1dI0Hu1BctwVJUuQx%2Bt0EA34tCY%2BFsVT1r%2FosBL8DKjHb7%2F0YH5HVN82Pw6lzixm5f1pl4awBbiUkgTy8ABjQJ6k0A0It0zDLRcj9sYHmfJhd3sIzchFZEyGQyGyjSOpBX2IyfncP9qnD%2B6C%2Bv%2FpY6UPXefVY7b4GtdDLiUKZnnJ26fPbNscqQlePzBYYTzp7wJbvPkc0G%2BvujeYpPdUIStEM77HhhOR7J7v8tU%2B7scPWolEI%2FKMRVhxeCaZn4a7XyZeiPP4YzgUlzSB3GgFyyf%7Ctkp%3ABFBMrv2SpsNm,https://i.ebayimg.com/images/g/3bUAAOSwR6ZjVkEk/s-l500.webp
1 Set Akustische Gitarre Saiten Ersatz Gitarre Saiten Reparatur Kit Gitarre,Brandneu |,"CHF 7,21",aus China,,https://www.ebay.ch/itm/136535225883?_skw=gitarre&itmmeta=01K8D64QT63PNF8XJ523JCKDE4&hash=item1fca22361b:g:JrwAAeSwucpo3cM5&itmprp=enc%3AAQAKAAAA4FkggFvd1GGDu0w3yXCmi1cNFVNBNP%2BcrNeKy9pZpZ%2FL7OuOj0Q3ec8UZDpCWpLBoVKKR%2BzR2%2FuvVs1ybfWGgL2Zi2ck4EAL2nMOrza0UwZnl60R9YEyN4A5xinkb4yWgyQfD1U%2BzWTsJiXi1x4vJ2Fig%2FeUnRICskmG8wqKq0wxHYry4%2F1ZG2OKGH%2BbFvpbiZ%2BPD4EW6w%2FXspD%2BOa0%2Bt6wCEHsJQudiFGlzxTIldS55JFBePagS8ko0OVUUdDriyq%2F7%2Bz5PW2%2BFicA%2FQ7TMdIifZyGfV95S1bZzUJYAyWaF%7Ctkp%3ABFBMrv2SpsNm,https://i.ebayimg.com/images/g/JrwAAeSwucpo3cM5/s-l500.webp
"Gitarre: Musik, History, Spieler Taschenbuch",Gebraucht |,"CHF 5,68",aus Großbritannien,"+CHF 6,55 Versand",https://www.ebay.ch/itm/116842857975?_skw=gitarre&itmmeta=01K8D64QT6AR8NPRSKEPEE3D84&hash=item1b346085f7:i:116842857975&itmprp=enc%3AAQAKAAAAwFkggFvd1GGDu0w3yXCmi1eOfl1G0ZyKdIuPtnMZqjl9m3iSI0OzAbM3u%2F3lUDf9rmMvgEXMopLekK1TP06BozIEA27VRuowtO3YuEkmTCDTHqNaN2Gy7OVDT3g%2BhMXzgacmTu2jVtUPlyuS%2FkENXTxh4Oa8H0UhtiKcQmhmdWSmURef8nojCKxhY2hTonYBkNXuJmuwx4%2BLq9CAEz3BLAeIg5RuZnP4T5fHFY%2BXMreHyzZAKcQ%2BddIGzpJ8K70bCw%3D%3D%7Ctkp%3ABk9SR679kqbDZg,https://secureir.ebaystatic.com/pictures/aw/pics/stockimage1.jpg
"Neues Angebot 2X(17--Gitarrenspielzeug für Kinder, 4-Saitige E-Gitarre, Musikinstrume9622",Brandneu |,"CHF 26,09",aus China,"+CHF 0,50 Versand",https://www.ebay.ch/itm/205806173941?_skw=gitarre&itmmeta=01K8D64QT65T7KRSHZVHX341HB&hash=item2feb00fef5:g:bkoAAeSwf5Jo~IBP&itmprp=enc%3AAQAKAAAA4FkggFvd1GGDu0w3yXCmi1dcNm0OwpuwgK2WWPJx9JcoUizJ8U3Y4GZwjquDYTrjo8ocnv521MnEpvu%2BWoGkrxaOnWjOhKcgIQK%2F6zjvDfpB2gDKG6Vxl5e5%2FZ1BmWcRiGsiTjsFKOLRjOrQ37pp9v9YkQonfWSQA1qhwUtN5fzWkiQcvOCX%2FZk1u4npxmROYfamnbHaSYjo0oKLl5L6bONHCjVICI4WGXijtrqSIHM8VbuWd1IMiiy0i17CFY8wZkX9fsDU0krem8agVXWZm5Trwxhzwap1zeFnt4Rv1dDS%7Ctkp%3ABk9SR679kqbDZg,https://i.ebayimg.com/images/g/bkoAAeSwf5Jo~IBP/s-l500.webp
Gitarrensaiten Klassische Gitarre Transparent & Weiß Für Klassische Gitarren,Brandneu |,"CHF 3,92",aus China,"+CHF 0,41 Versand",https://www.ebay.ch/itm/205802172457?_skw=gitarre&itmmeta=01K8D64QT6NC31SC8AHK0HMHGR&hash=item2feac3f029:g:~tMAAeSw23ZoMY7Q&itmprp=enc%3AAQAKAAAAwFkggFvd1GGDu0w3yXCmi1csK4ho3T%2BfJe7ktinP6P9ZcIVnABO--q5y0TDr%2Fcr%2BehwvhyWE5W1Grzi7uZ3cWyuk8uPiZ8dn3BJdHxc8yCchGVIwCuLIaIUAgeFMs9SO9NR2B%2FwwT0GwSrVzAZLzDe5CaYDycJ6Abwgjo3ZgSdUQVNXKPOm0ukfmiV7%2FIYtcRTCgcPUzyUaCD13VjIs92eXuVUb1DXnsjng3Jsjt0Js4ihYtK%2F96KuSReTYddprjGg%3D%3D%7Ctkp%3ABk9SR679kqbDZg,https://i.ebayimg.com/images/g/~tMAAeSw23ZoMY7Q/s-l500.webp
20 Pcs Gitarre Accessoires E-gitarren Zubehör E-Gitarren-Zubehör Gitarrendraht,Brandneu |,"CHF 4,03",aus China,,https://www.ebay.ch/itm/187674678797?_skw=gitarre&itmmeta=01K8D64QT63R8W9C9KC4M9JTJQ&hash=item2bb248560d:g:hzIAAeSwBwZo-Bvp&itmprp=enc%3AAQAKAAAA4FkggFvd1GGDu0w3yXCmi1e2fnKlryqTc80Xl63I2zW03FkOSO4rYIo7TbzdNyAfDyUsFngeSDEAu7zNB4TnTi7yW89TSGE8X4N0JGQSz%2BpF2T4BYJmlsOw8Spg7GUPnr%2Bb9uD9kEQM4LKKDTdYwQ3%2FiMJnELkfPC1kFKdsYXmC9bd%2B61MqlKdf8es5%2BMiwIisqilXu%2FK0w8G%2Bvq%2B%2BrHzQzZ0Wu3ImpzBNCD611C0oqIOflFs2Ks8K%2BTa%2FwG4ZWZUl%2FngeLKWOAsJBKw06GKW7XgpkI9h7LCxs4TXnu7oVhC%7Ctkp%3ABk9SR679kqbDZg,https://i.ebayimg.com/images/g/hzIAAeSwBwZo-Bvp/s-l500.webp
Gitarrengurt Bass Generische Konstruktion Hohe Qualität Leicht Zu Reinigen,Brandneu |,"CHF 3,68",aus China,"+CHF 0,66 Versand",https://www.ebay.ch/itm/127017592990?_skw=gitarre&itmmeta=01K8D64QT6WWE6HGPQTMAQJPDD&hash=item1d92d6a89e:g:WVUAAeSwKGJn5XaF&itmprp=enc%3AAQAKAAAAwFkggFvd1GGDu0w3yXCmi1ehcwc%2BsNY4ZhWqHgdyjm7VjTVKKUjUlo1rP9%2BCZT%2FDjKi8OxRDWwyOQBP7Tz4ZJzhklolm8Zyu%2B4kKrlumozw5UC2XH%2By7DExCWA8et7parR6Ae%2BV3RmbdEp6LBrguTIlDxKjegHXF%2FWE4lYydvrg56TSxyWwxD3A2egf1ddnyNXFuhs%2BTt8o%2BW6GBf%2BWXhPcCrAVVaZKJ14e%2BJ1yBTVF31w3hRhncVjcTnFFKlR%2FeZQ%3D%3D%7Ctkp%3ABk9SR7D9kqbDZg,https://i.ebayimg.com/images/g/WVUAAeSwKGJn5XaF/s-l500.webp
Neues Angebot NASHVILLE STEEL STRING ACOUSTIC - COMPACT SIZE,Gebraucht |,"CHF 179,02",aus Deutschland,"+CHF 65,01 Versand",https://www.ebay.ch/itm/177520071924?_skw=gitarre&itmmeta=01K8D64QT6JKFH8656P083RWF1&hash=item29550554f4:g:MjcAAOSwY3BZOErl&itmprp=enc%3AAQAKAAAA4FkggFvd1GGDu0w3yXCmi1f2ybYAj0qXhnQGr0mmYxF6laCPhyQpRvoLkA7yXqkpGsSV1mA0dphYyCPr74439rLqzbzYG6y4Y8Cb2WDqEy8QCEwpqP8OPF%2FnkTMI9gKKZE%2B5II01QwJU%2FGJ%2BlGy6c9O8%2F4X7edjU9ypB29gFACfhd72v2%2B9ZlOL0gy7SgT3FSozQ101HK3JIixOUbK3%2FwonnHD5QiXn1%2BaJPweMbDTsJy6MTB3FND1GVSbQ87TRcb4fb7PxVSIUMKGMYRKiqnKgNs1JNU6Dkek5TPNekhgQw%7Ctkp%3ABk9SR7D9kqbDZg,https://i.ebayimg.com/images/g/MjcAAOSwY3BZOErl/s-l500.webp
Gitarre 1. E-Saite Ersetzen F??r Anf?nger Orphee Single F??r Gitarre Langlebig,Brandneu |,"CHF 4,70",aus China,"+CHF 1,34 Versand",https://www.ebay.ch/itm/176855817197?_skw=gitarre&itmmeta=01K8D64QT6WGKDP9XRM34X08QZ&hash=item292d6d9bed:g:jS8AAOSwEeJkoJpE&itmprp=enc%3AAQAKAAAA4FkggFvd1GGDu0w3yXCmi1eS4P754sTMkLyqB6crb7iLot5h%2Fu5zeK6wO52bkehxazinIYrMC5JnhQt2%2BQUU66Tx8t07dlEbCGxpCZNNHPOam2zymKIl30%2F3kjL0CeA7ABAmHyIUX1Q3%2Fm4pyWqu9T%2BJ8fbZrazpvBjU2voNmCGiycL1yVCo75ihDynUfbGbKo0h9ukJEosQAxNH8zyFlFpdF22pNf%2FlI21uvmTQM4iOJJrra36DbF09FlNpGjJLrFDzXa93ZNPfuLKxRHzshyTsR1DVee0TFkCk6V%2BQKDvE%7Ctkp%3ABFBMsP2SpsNm,https://i.ebayimg.com/images/g/jS8AAOSwEeJkoJpE/s-l500.webp
6x Gitarrenstift ungebleichte Knochen Abalone Schale Punkt Gitarrenbauer Brücke Mutter Sattel H03,Brandneu |,"CHF 10,31",aus China,"+CHF 3,44 Versand",https://www.ebay.ch/itm/255414326109?_skw=gitarre&itmmeta=01K8D64QT6ZDXX057SF7N7WQEF&hash=item3b77e1535d:g:YXEAAOSwCmVkWcID&itmprp=enc%3AAQAKAAAA4FkggFvd1GGDu0w3yXCmi1d10C9VJT6FQ4VXPK4KA%2Bm6pHQsf4tY2TK0JGwEyPwPzMqcOGUPvZDMH7tGRx%2FiWc1wLT18K%2Bggj2lmA%2BCy00ux%2BROrxrSd65HXaTZ5GhaIXVMQlhWSU1rCL5tdWqjV1ktpgu5jij1oSP9x74hcEnlhVsZf0DokdURwSOFaqGkwvAIirx7vvfelGksfQUGFfWz5KTt0FQWBXrW8bSh282nWc%2BFN9hgRZCHBVEK1X23tpj1er%2FPP9S%2Bstk%2FLVZngLsi7PcE86OfKqeIPUcjrsjOm%7Ctkp%3ABFBMsP2SpsNm,https://i.ebayimg.com/images/g/YXEAAOSwCmVkWcID/s-l500.webp
Neues Angebot 5 Pcs Gitarre Befeuchter Guitar -Wartungs -Kit Akustikgitarrenzubehör,Brandneu |,"CHF 13,15",aus China,,https://www.ebay.ch/itm/136653579752?_skw=gitarre&itmmeta=01K8D64QT692R6A5T88G71Z778&hash=item1fd13025e8:g:rvIAAeSwm25o-zCy&itmprp=enc%3AAQAKAAAA4FkggFvd1GGDu0w3yXCmi1djZmvsAG2v9WoYNHhJd7HgRmzrOFrFp4S3XVgpeOPz%2F5GpgGp%2F1zc6qZ2pS71UbTkg9qPQ8ZP9D0uw3xCdszQqcUKzigddNZmY92jmItL7g39zJBRwn88WKwOhsHdZ9vbb4S3YDPFjW7z6g4beyu2SyiuVbXykMLsfwn3GpOZi5V%2BNnIduj60O2YLjNFikGuCOEdur0Z3XbQiRxX14VF3FK8NB7BQ%2FmCUAXAKA9%2FWe7fPx5yW3pYRYFGickoU4zELAEvghBQd%2FOzxDTUWJR--s%7Ctkp%3ABk9SR7D9kqbDZg,https://i.ebayimg.com/images/g/rvIAAeSwm25o-zCy/s-l500.webp
"SCL60 klassische Gitarre mit Fichtendecke, Farbe Natur, Linkshändermodell",Brandneu |,"CHF 93,24",aus Deutschland,"+CHF 25,17 Versand",https://www.ebay.ch/itm/224934333043?_skw=gitarre&itmmeta=01K8D64QT67FW149RVQT7H08TQ&hash=item345f218a73:g:qmEAAeSwp~xo75zR&itmprp=enc%3AAQAKAAAA4FkggFvd1GGDu0w3yXCmi1fB0Y3Qv4opG%2BAdTtMDCAzLWGOsC4PDK%2Bk%2FV5U%2FMAOMN6tad0eU9nbPNFH24G0z9Uq5l%2BLAVXRhxNUYp%2BFPnjqZnAaImLrzFHmVAGnd5uwagZKoq9oVm%2FjyGvwpTPx7ZJFCvz27s69t7JMjkwhziCPAHkCXH47jpLZaq1P0CZgv95ZKrXbYni1EXtirbF2a3lkzrG9WEaUwF00R%2BRSZLvm1Lajx2BH7nuhdz%2BI2LRy2PpEeRxvpZtbiVwLEehZ9Sfs2JgzNxqT9g%2BgaMNgNc5tc%7Ctkp%3ABk9SR7D9kqbDZg,https://i.ebayimg.com/images/g/qmEAAeSwp~xo75zR/s-l500.webp
Neues Angebot Set of 2 Zubehör Gitarre E-gitarren E-Gitarren-Zubehör Guitar Jack Socket,Brandneu |,"CHF 8,23",aus China,,https://www.ebay.ch/itm/157416080778?_skw=gitarre&itmmeta=01K8D64QT6F709JP82VWNYKS4Y&hash=item24a6bac58a:g:FBAAAeSwrKto-yvM&itmprp=enc%3AAQAKAAAA4FkggFvd1GGDu0w3yXCmi1eJt3PjMeqGoYNDzn1EP4rRHRxAhvneXz7fVlPr9IBfoXf1mX7vJQ2dGHvrj%2BtQEmDBI%2BSX6UZ5Z3xUwSyUr6gwwqkwmoc90i5%2BOnmkkIFqw9LZRg19ywmuYzZtz5e2pzVOrQ%2BCjEh5z2KoxlxhQtV9j%2BYIPnkFMClLxRqtRD6UsV4lxYtjIl8wkX4dcs6Z2z%2BxU9KQyCDgsITaKOmThuTkvw%2B3j0sCr%2BAg64uY8pZtnOHOeybIAuWoQ9NmYYzMGtnT7OlQmVketOJuxk4urbTx%7Ctkp%3ABk9SR7D9kqbDZg,https://i.ebayimg.com/images/g/FBAAAeSwrKto-yvM/s-l500.webp
"E-Gitarrenverstärker-Amp,  Modell GW15,MSA,Kopfhörereingang,Verzerrer 20 Watt !!",Brandneu |,"CHF 25,20",aus Deutschland,"+CHF 30,17 Versand",https://www.ebay.ch/itm/190339453395?_skw=gitarre&itmmeta=01K8D64QT6A01Q3AJ7S6FBGZKW&hash=item2c511d91d3:g:2DIAAOSwXqxd89sT&itmprp=enc%3AAQAKAAAA4FkggFvd1GGDu0w3yXCmi1cxm4TLUTKkkjM2eTC%2F7YMvVYBRKecSw6tWkd0%2FBFrg1AVW0xNp7wsJ0v4Sjr2t6z%2BsGvSvVNSmcs1lqhwwXP5LqG%2BAObQcIZgl6PW%2FyczgRX3GvDhT%2BiOX0gPyw7lGpncjlKu5GANPKByIUmgaO0zvB3vtaqiRILhjsEHRiRCf0bypt1WtIqL4aOzNxa70lnPcqoxrflycVs3AmZ1yxMYuzwxITnIbN7CXEVJOhoaoRdni3FOVOKa3d15pt3KWo6lLu6oc9FAJxwn7uNW4yGx3%7Ctkp%3ABk9SR7D9kqbDZg,https://i.ebayimg.com/images/g/2DIAAOSwXqxd89sT/s-l500.webp
"Rectangle Gitarre Bruecke Sattel fuer      E-Gitarre , Gold (6 Stueck9957",Brandneu |,"CHF 4,99",aus China,,https://www.ebay.ch/itm/167864521801?_skw=gitarre&itmmeta=01K8D64QT6VM9V7252KRGNM6QM&hash=item2715815449:g:0VwAAeSwRqVo8M1q&itmprp=enc%3AAQAKAAAA4FkggFvd1GGDu0w3yXCmi1cF%2FS58BpMzd9tbrqwyWyvvRhbP7f5AxEG6cXrHw%2F3gsnREOgFttWfeOeVuel2kZyd57BGQ9hKcW%2FaR5mMDp03k1Dk%2BP7rxbZFi2Vqnxe%2FF6KnzIMXd5vf2fPXwxAIl2Z9t7gJHmqEUJkbhr5%2F6jIXz7YTvm81H2F5jEpnvoXqTdLMachv57FqgQGUQpz4N%2BF3YTFiH5BV61elys2I7GlgKyBXumCdP0cdDsJnetPnfcdFMi1vMqBoJKK1bGoF%2FYT41rLSuXxR%2BssjMEpV6lXj1%7Ctkp%3ABk9SR7D9kqbDZg,https://i.ebayimg.com/images/g/0VwAAeSwRqVo8M1q/s-l500.webp
Neues Angebot Brandneu File Reparierwerkzeug Gitarre Reparieren Heißer Verkauf Hochwertig,Brandneu |,"CHF 7,38",aus China,"+CHF 2,26 Versand",https://www.ebay.ch/itm/146916907214?_skw=gitarre&itmmeta=01K8D64QT65GQQG6GMHXEGJZWM&hash=item2234ee18ce:g:ACkAAeSwqv9o-1kp&itmprp=enc%3AAQAKAAAAwFkggFvd1GGDu0w3yXCmi1eJwO5OMZYHQWXdI81iLroWWGTLntmop4oXTAUGHUZJgRBUt1qyjKPcIXXSUAtSAc%2F9jlNeUpNY5C4L4%2BnQgVbKYRW5RK480%2BBvrk5Vjac6z5%2FJtsJfi4S2R9Rqf0puJOYcik9WvuP%2BDiNJZjPrD7XGWUgoTSkHtWGx0f%2FCugTuTDNtlbG5p9Uyo3dllfNDO6iuBJbXZJXjuJlMrm81KOpnHtgzKbMKE9HuOQswZPxA8A%3D%3D%7Ctkp%3ABk9SR7D9kqbDZg,https://i.ebayimg.com/images/g/ACkAAeSwqv9o-1kp/s-l500.webp
Neues Angebot Verbessern Sie die Klangqualität Ihrer Gitarre mit einer Messingmutter 6 Saiten,Brandneu |,"CHF 5,94",aus China,"+CHF 3,15 Versand",https://www.ebay.ch/itm/167883829368?_skw=gitarre&itmmeta=01K8D64QT6VPFQXCSN9WZ6GC8K&hash=item2716a7f078:g:IHcAAeSwP3ho~HLi&itmprp=enc%3AAQAKAAAAwFkggFvd1GGDu0w3yXCmi1eYsamBk1VmJxeVs%2BgBXibBOCHjHQTNPiJNNQ067bWlz8kcSWc%2BCSQ5T6yYMqJ7Oni1LXX%2FLPFDB%2FOAat%2FgrtCdPcapvnsXbW5C2HPL2kdjUpv3T0jY3bSljTtVMHmXvErhtV1yD2z6kvsDveNWmHVW203Wm2ndH8fsW2hVsLYW5inr07MOt%2B5Ox5GUL0Z5PfvIeFkbWQqxvgvQCRsjNfLc6UuDvM9npGvWy509QMYNdg%3D%3D%7Ctkp%3ABk9SR7D9kqbDZg,https://i.ebayimg.com/images/g/IHcAAeSwP3ho~HLi/s-l500.webp
"Neues Angebot Gitarre, Folk, Klassischer Akkordassistent, Ein-Tasten-Akkordgerät, Tastend6644",Brandneu |,"CHF 20,04",aus China,"+CHF 0,59 Versand",https://www.ebay.ch/itm/205806173813?_skw=gitarre&itmmeta=01K8D64QT6Z22SDPECPGPE8NHD&hash=item2feb00fe75:g:jy4AAeSwbSZo~IEA&itmprp=enc%3AAQAKAAAA4FkggFvd1GGDu0w3yXCmi1eiH6M1uyzSs751Iffdc8m%2BNhsXolW5BVKnlRRw5yrc0dlgbmTBpolhOQ9XvxF%2FLlYiojJmw9LUg2GP3%2FWX7z%2F8qf3blbWLPYyLCAT%2B1Z%2BJ4caiPCnlvjS%2F2fKXUqQtnY659r7wAqdo9Dbdq5sHhxpRVevYrHFheIFXkqKYryhnwX%2FNpqzSI2ZZG7pWSEUVP5aPOWe1%2F4psXgPL83jH8oeRfuqqODX5rXW77o8%2F9mx1ez%2BrDrRM3egv4oKK%2BtVUDN4BdScD9t4UfB8N7JLND%2BC%2B%7Ctkp%3ABk9SR7D9kqbDZg,https://i.ebayimg.com/images/g/jy4AAeSwbSZo~IEA/s-l500.webp
George Van Eps My Guitar CD / 2002,Gebraucht |,"CHF 13,44",aus Großbritannien,"+CHF 9,19 Versand",https://www.ebay.ch/itm/167880964874?_skw=gitarre&itmmeta=01K8D64QT6RXJ68PHFT9BX629G&hash=item27167c3b0a:g:SqMAAeSwR3xo89-q&itmprp=enc%3AAQAKAAAA4FkggFvd1GGDu0w3yXCmi1evRdM%2FJzHql3ZQqtOPJP4LzYWE1cunrKQT0a4DfA2N5tx8AdsO%2Bh8s2skQEtiW1u9%2FTbVL1uLqVj0xHWAP5%2Fub7rc73QZjpTRpeIqLo4hOqR7OmN41fEFOOxKOh%2BhTzTd1Z8suA3Q82jsW7SxX%2BH0OKZtiC0aOrGFKBjiBlG7tYIQkaSvHHN4%2FFwd0vGtHYdTAeoo0M%2Fa%2FbxBhBgYo7%2F8Lve5cS%2BiiXjCUeT%2FD1uecLPgTgplnlEtcDwfdvuswiGccErwcR3RGja4xM%2FV68EzL%7Ctkp%3ABk9SR7D9kqbDZg,https://i.ebayimg.com/images/g/SqMAAeSwR3xo89-q/s-l500.webp
Ernie Ball 3 Sets 2221/2223 Regular E-Gitarrensaiten 10-46/9-42,Brandneu |,"CHF 4,99",aus China,,https://www.ebay.ch/itm/336115345557?_skw=gitarre&itmmeta=01K8D64QT6G0VM3MKEV614Y5VV&hash=item4e42092895:g:VE0AAOSwWqJnT8FW&itmprp=enc%3AAQAKAAAA4FkggFvd1GGDu0w3yXCmi1fYIw5rrhiormfKVKEA40c0qh7O8A5Cw0zzobwGFFIzm7WRb%2Fjn%2BkWgD2eUHupUc%2BXPewTNOhxQCQMhW4HARdEwH%2FEtWTNrSXAkahz76YFyNTwqZsczvRLkev9REbk4xo7iUoy8dd%2Fo%2FVdQfWPw371B9uTsyDcgthUlvjfRS44hEK298lTq7jdoPbMMZNKXRUY8xxuMV%2FqWjTaTwswW5M8xdIHOPIMdcniUZmrW974ehOJJIhsSOSRPPwoMQyuUoagBeK%2Bf6Hv6d9T8r0CuPmJU%7Ctkp%3ABk9SR7D9kqbDZg,https://i.ebayimg.com/images/g/VE0AAOSwWqJnT8FW/s-l500.webp
Neues Angebot 5W Gitarrenverstärker BT Tragbarer Plug-in-Lautsprecher Für Alle E-Gitarren B DE,Brandneu |,"CHF 20,78",aus China,"+CHF 2,00 Versand",https://www.ebay.ch/itm/146918678025?_skw=gitarre&itmmeta=01K8D64QT6N4XYGWME3DCTK229&hash=item2235091e09:g:kTcAAeSwZUho~II1&itmprp=enc%3AAQAKAAAA4FkggFvd1GGDu0w3yXCmi1ew%2B21eyR2vCcslhYweZTbZ7whg7mfIubXdekMPMmk94tdfRtDvmGJGQYniN34mx%2F%2B%2BiHCBnMLD1%2Bc%2BxQTtIpMtKe4cgAvEpMGGY5coAG2vakZoMGUZOSd0bHAPJqQSuHRdl1cJbtK%2BnC%2B8%2B4qLxfL%2BYIRUnTY9RtvWnEoWu2powOqHOSPy1CiNpMiIKJMDKL9OWBuW1JZeEUNHUlXbeS2Zq03Q%2FkoRD5ODT4QREESfXvQmgvcRtck28kc0GBLxHl3rnXew%2FcCMHTGMzJJZ7w9n%7Ctkp%3ABk9SR7D9kqbDZg,https://i.ebayimg.com/images/g/kTcAAeSwZUho~II1/s-l500.webp
Neues Angebot Klassische Duette Fr E-Gitarre Und Klavier: E-Gitarre F?r Anf?nger. Mit Musik Vo,Brandneu |,"CHF 19,82",aus Australien,"+CHF 3,75 Versand",https://www.ebay.ch/itm/157416513509?_skw=gitarre&itmmeta=01K8D64QT6XSP3FMYQFS1KB6BE&hash=item24a6c15fe5:g:LXkAAeSwHaho~D5b&itmprp=enc%3AAQAKAAAA4FkggFvd1GGDu0w3yXCmi1farHCXuQ0eptawlvnPMZGfVIgs1j5%2F%2Bc5pVXzHu3ISX2B56DDWAOiLFQKfptfvuoEjnzkF0Sq1kOaoWZldOqSWheKLIP7jBbGnLjofl3NUBnpO9JiTNvke88w374ypk0pHqcWzk03p7WuXW2W86banjBCGUdTogMeDmBkNqr3seYooU3HSzXJoGVgmCPpjVjaQq%2BKraPWnNE3WbiemSZxwtrPpPJtLfNJYOMtySdtAoIKjRk5h5nvD2MIRi3uJudYd9Uh%2FNJz3QhUyMGFc7%2F6T%7Ctkp%3ABk9SR7D9kqbDZg,https://i.ebayimg.com/images/g/LXkAAeSwHaho~D5b/s-l500.webp
Rockwood DY1026U PA Bass Fullrange 250 mm Gitarrenlautsprecher 100 Watt 070022,Brandneu |,"CHF 23,45",aus Deutschland,"+CHF 20,93 Versand",https://www.ebay.ch/itm/271936844052?_skw=gitarre&itmmeta=01K8D64QT6RF73BSS1DR5380J9&hash=item3f50b2f114:g:WekAAOSw8T9kQkvv&itmprp=enc%3AAQAKAAAA4FkggFvd1GGDu0w3yXCmi1fBW51%2Fl7GGUPCIVpKLKpPj7c2RqPP8Vg1LSjvlEdb%2BgL6j1PkR67GhN0lYYTRRq5KqUFPjRxwsiMne5aokySlHaB1ZdQu38odl7%2BOrdH%2BRdh6Q3xB50ZpCGYgeulpsPfmagO2gF3o8FHBpYpYjP7MNuxAm6hhDJ6xDXxJDUv6Lh0qhV3viD%2Byk5%2FjvwSnyGX2lZLI5YmuMKHECin%2Bz4cGcqxdBw8iIOrJzvfFcZiDhX0DRoBkLRS1mCTDxT9Ea210LWM%2BHaSajv3xWna%2FKHr05%7Ctkp%3ABk9SR7D9kqbDZg,https://i.ebayimg.com/images/g/WekAAOSw8T9kQkvv/s-l500.webp
Klemme Key Trigger  Fuer Akustik Elektrisch  Gitarre (Rosa8311,Brandneu |,"CHF 4,49",aus China,"+CHF 0,49 Versand",https://www.ebay.ch/itm/205800432974?_skw=gitarre&itmmeta=01K8D64QT65FVTAYERSK0WNK7B&hash=item2feaa9654e:g:SIUAAeSwNeho-Luf&itmprp=enc%3AAQAKAAAAwFkggFvd1GGDu0w3yXCmi1dVVNxVouDGcmJumRQgqwS%2B%2FI%2BsGeWo0dqTcsmYOGQrYf2vYv2tlTp%2B8Q%2Fc8j1NcO0txcS61hdG0%2BqPghPoQITnKJz2QzUu0Tn6mCgJKWLljCx7FYmdjeeHnm6UPHWPvJmxXY65V%2FiEFE4OMizacGcIMDxsbBb0Oc%2BJ5fMOsmLePO0k3AD9fSG5xBNuLW%2BthY4uJLvgbPMlWY97Z2kkzcp2WDVrsCb2KUiFo%2Fn33yxRXw%3D%3D%7Ctkp%3ABk9SR7D9kqbDZg,https://i.ebayimg.com/images/g/SIUAAeSwNeho-Luf/s-l500.webp
HRC Hard Rock Cafe Gitarre Anstecknadel Memphis,Privat,"CHF 7,40",aus Deutschland,"+ CHF 0,60 MwSt.",https://www.ebay.ch/itm/167876517065?_skw=gitarre&itmmeta=01K8D64QT6YTRRDDQ2YHSW951V&hash=item2716385cc9:g:cFYAAeSwgSto605T&itmprp=enc%3AAQAKAAAA4FkggFvd1GGDu0w3yXCmi1cs8EoeOuRRHN79PE8TVG9PrqGKfqgVQ2a6dI4bUOTHJfp27oypJRRCDRDv96OaFzG09TyTio1qQyzfbu%2FbILBpkUEHx%2BiFAMzhrzgIXo9xi%2F3rLuyZA89CKBFz3R%2FKWPkOcVeoTEt8Wn%2Fm5VonrzJ%2BseOh7ElxsekkJKw98R4e02ENpysEkKxDbOW%2BOu9i4%2Fl0b1Z76QKUPjoEgEsN8I7qEP%2Fzpm0dOmqpCXeXM%2Ff3eeGxM8rGKg3l6nFAUSh9JOwqHsMkZkAXd2ODeyQGblo3%7Ctkp%3ABk9SR7D9kqbDZg,https://i.ebayimg.com/images/g/cFYAAeSwgSto605T/s-l500.webp
HRC Hard Rock Cafe Gitarre Anstecknadel Nashville,Privat,"CHF 7,40",aus Deutschland,"+ CHF 0,60 MwSt.",https://www.ebay.ch/itm/167876517117?_skw=gitarre&itmmeta=01K8D64QT63HC4FXEDS34N49EH&hash=item2716385cfd:g:r~wAAeSw8Cdo605X&itmprp=enc%3AAQAKAAAAwFkggFvd1GGDu0w3yXCmi1d5Q6Qdpk6%2FPhVSTw0farm6pgJHniwxSvw0HkUv8WbH%2BEzXJpuDAmcV2Vh0yph74aRFPKWy2%2BdS4p6%2FrJQxN5adpP%2Bk3K9AM18foFRfuasvcizxrGPbXy0wOc2UOAL2LLwg1f7pqQ7LcPX8ImyGeVidZBxG4HCP2rvmYOAZ11gPqKJ13jocS9BLCqwobRDTGO3RHUeUUtUPEMbXws30oz6q51YUImiNkyaAogft4wH7eQ%3D%3D%7Ctkp%3ABk9SR7D9kqbDZg,https://i.ebayimg.com/images/g/r~wAAeSw8Cdo605X/s-l500.webp
"Folk-Gitarre, E-Gitarre, ,  Baumwollgurt mit Kopfplatte, Plektrum, Kh8298",Brandneu |,"CHF 8,57",aus China,,https://www.ebay.ch/itm/146914872711?_skw=gitarre&itmmeta=01K8D64QT6C1VNRMXQWRSTYDR1&hash=item2234cf0d87:g:NhsAAeSwcfpo-hyG&itmprp=enc%3AAQAKAAAA4FkggFvd1GGDu0w3yXCmi1czj9Cdw2l35s1yqqtIh7B8PsB6C62%2BfGIiFmZrSjXzzVWQz0P%2Fd%2BmD9yo4b7Lir6gv5KnfgKMBgGkFD%2BlGR2J20Zx1rnaUuvhPG0FhADu22v1qbkMso9GoAuiOafusHTNH0KM8M0%2BK3SkE0SwnW46IKJOngN1pJGoFnbfuz2bjkYO96v0ZWqloaa6qZmstKlX%2F2kbWxyXTsqf59AmXnrAt23km9pieJFM2CTqd3AgibpmlWf4VXxP%2Fa7jvNPa%2BNvYnE9BYYwBGnhjgaHvZAR25%7Ctkp%3ABk9SR7D9kqbDZg,https://i.ebayimg.com/images/g/NhsAAeSwcfpo-hyG/s-l500.webp
Neues Angebot 3 PCS Gitarre Accessoires E-gitarren Zubehör Abholabdeckungen Gitarrenzubehör,Brandneu |,"CHF 17,61",aus China,,https://www.ebay.ch/itm/157416908107?_skw=gitarre&itmmeta=01K8D64QT6QMM6P23069PHBNYJ&hash=item24a6c7654b:g:TZAAAeSwZato-sJN&itmprp=enc%3AAQAKAAAA4FkggFvd1GGDu0w3yXCmi1fTBgrJZrODyEv7ar4dlbK%2B4%2FlW%2B8V9wsdneyMuPOme2m7n8zvlN0u9dFXNXzYLLROR03n4FL7Gv5pvC9ROWoKMPrlNJW5I5rU4GSsOv0%2B7jSoTUxfmy5UIyHSFgTbZz5mQtOrGFf%2Fa7nizOu4XNCo4UdUtl6tkpLEFYu3qxvZLN9YJ%2BkStHW7W0jdNPjNIv%2F4PsqdADm1WweW%2BWRmdsP7vP070TUEaMgr4aBzXbqX9ZkT63%2B2e5fcVvLDUpqhNdkLJy20m3tsEuXHNvuGqs7fa%7Ctkp%3ABk9SR7D9kqbDZg,https://i.ebayimg.com/images/g/TZAAAeSwZato-sJN/s-l500.webp
Gitarre Mutter Für ST E-Gitarre Messing Tragbar Heißer Verkauf Langlebig,Brandneu |,"CHF 9,21",aus China,"+CHF 3,12 Versand",https://www.ebay.ch/itm/187563885939?_skw=gitarre&itmmeta=01K8D64QT616X1HPGMXKCSG5KX&hash=item2babadc573:g:e1YAAeSwtsloxHUj&itmprp=enc%3AAQAKAAAA4FkggFvd1GGDu0w3yXCmi1dRjw34tB4M5XEp6VtqWj%2FhdzIZA8k0fHWD40soo0ENbLsdKBsS2UAR2mjyDGqsxXw2d25%2Bsxt%2FAPhHVhkcK4DmC%2F61%2BYxdHkFs6Oo9LbF1wOhsK8KQwtMxiphAPPuzwz5btUBXZ5A2K8iU8qeaa9cz9G7bqYUtwhPpDAcARdahO%2FPeYxv2NoJLffBFDSd%2BqIeWrBylOmlrRAW5YrQF4ZS9YcWctkxc35yvh0VlXtxSXKPvqzyn%2FRSpntb--7hXgP2hTOfpXTeYKeDR2IYi%2Fz9F%7Ctkp%3ABFBMsP2SpsNm,https://i.ebayimg.com/images/g/e1YAAeSwtsloxHUj/s-l500.webp
Unvollendete E-Gitarre DIY Kit Mahagoni Korpus Ahorn Holz Hals Palisander Griffb,Brandneu |,"CHF 159,12",aus China,,https://www.ebay.ch/itm/187676170919?_skw=gitarre&itmmeta=01K8D64QT63F72QP22338QQZXZ&hash=item2bb25f1aa7:g:gDkAAeSwCIxo-hOk&itmprp=enc%3AAQAKAAAA4FkggFvd1GGDu0w3yXCmi1dPQZXGbEcZxKB4FoF0HUIk5K%2Bn9LnyQhhBpy4l5GrsL8OEOfiTDr3e7JbPsyhw9q%2BVhntBKCnWdrn6pAS7QstyUI3bEAE1corF%2Bpq%2BqFBIXuEOZd7%2BpKJkkBBBbzOCxhkj3F81jTlyQO5QavYEfDU0e%2B1bmrEiuZMppzZFR01yTC1I3xs5iJbFFT%2Bep12arWN21Z6rZQtxtB2O74%2BNBfhNeTkcb6R0yO0rVvjGBad7mo8eHUM2PrxJPzBHEpNLsR0Ecbl1n9qAnCTjvRIhhnKT%7Ctkp%3ABFBMsP2SpsNm,https://i.ebayimg.com/images/g/gDkAAeSwCIxo-hOk/s-l500.webp
